﻿product_id,product_code,gen_name,product_name,cost,o_price,price,profit,UOM,onhand_qty,qty,qty_sold,GCT,date_arrival
1,A3M-PN08866,Ea,THROTTLE PLATE & CARB CLEANER 12x8.5oz,278.71,417.4,480,138.69,Ea,0,0,0,T,3/21/2022
2,A3M-PN08888,Ea,GLASS CLEANER AEROSOL 12x19 oz,203.8,304.35,350,100.55,Ea,0,0,0,T,3/21/2022
3,A3M-PN39008,Ea,3M HEADLIGHT LENS RESTORER 4x1 KIT,961.86,1434.79,1650,472.93,Ea,0,0,0,T,3/21/2022
4,AS-010,Ea,"SX2 48"" STARTEX CABLE",250,493.92,568,243.92,Ea,0,0,0,T,3/21/2022
5,AS-020,Ea,98553 - SX6 CABLE 12INCH - STARTEX CABLE,220.65,446.09,513,225.44,Ea,0,0,0,T,3/21/2022
6,AS-030,Ea,98675 - SX6 CABLE 15INCH - STARTEX CABLE,244.45,495.66,570,251.21,Ea,0,0,0,T,3/21/2022
7,AS-040,Ea,98676 - SX6 CABLE 18INCH - STARTEX CABLE,260.85,545.22,627,284.37,Ea,0,0,0,T,3/21/2022
8,AS-050,Ea,98548 - SX6 CABLE 24INCH - STARTEX CABLE,300.25,595.66,685,295.41,Ea,0,0,0,T,3/21/2022
9,AS-060,Ea,98545 - SX6 CABLE 30INCH - STARTEX CABLE,296.01,745.22,857,449.21,Ea,0,0,0,T,3/21/2022
10,AS-070,Ea,SX6 CABLE 36INCH - STARTEX CABLE,112.66,248.7,286,136.04,Ea,0,0,0,T,3/21/2022
11,AS-080,Ea,SX6 CABLE 42 INCH - STARTEX CABLE,107.62,213.05,245,105.43,Ea,0,0,0,T,3/21/2022
12,AS-090,Ea,SX6 CABLE 48 INCH - STARTEX CABLE,141.4,298.27,343,156.87,Ea,0,0,0,T,3/21/2022
13,AS-100,Ea,SC4 CABLE 24-INCH - STARTER CABLE,114.11,248.7,286,134.59,Ea,0,0,0,T,3/21/2022
14,AS-200,Ea,04321 - SC2 CABLE 12 INCH - STARTER CABLE (2012),1318.15,2284.35,2627,966.2,Ea,0,0,0,T,3/21/2022
15,AS-230,Ea,04322 - SC2 CABLE 24 INCH - STARTER CABLE (2024),1695.51,3276.53,3768,1581.02,Ea,0,0,0,T,3/21/2022
16,AS-240,Ea,SC2 CABLE 48 INCH - STARTER CABLE,760,1681.74,1934,921.74,Ea,0,0,0,T,3/21/2022
17,AS-310,Ea,04154 - SC6 CABLE 12 INCH - STARTER CABLE,467.7,844.35,971,376.65,Ea,0,0,0,T,3/21/2022
18,AS-320,Ea,04155 - SC6 CABLE 15 INCH - STARTER CABLE,509.72,943.48,1085,433.76,Ea,0,0,0,T,3/21/2022
19,AS-330,Ea,04156 - SC6 CABLE 18INCH - STARTER CABLE,537.87,943.48,1085,405.61,Ea,0,0,0,T,3/21/2022
20,AS-340,Ea,04157 - SC6 CABLE 24INCH - STARTER CABLE,562.88,993.05,1142,430.17,Ea,0,0,0,T,3/21/2022
21,AS-345,Ea,SC6 CABLE 25 INCH - STARTER CABLE,124.83,276.53,318,151.7,Ea,0,0,0,T,3/21/2022
22,AS-350,Ea,04159 - SC6 CABLE 30 INCH - STARTER CABLE,714.93,1936.53,2227,1221.6,Ea,0,0,0,T,3/21/2022
23,AS-355,Ea,SC6 CABLE 34 INCH - STARTER CABLE,711.37,1900,2185,1188.63,Ea,0,0,0,T,3/21/2022
24,AS-360,Ea,SC6 CABLE 36INCH - STARTER CABLE,293.84,650.44,748,356.6,Ea,0,0,0,T,3/21/2022
25,AS-370,Ea,04162 - SC6 CABLE 42INCH - STARTER CABLE,809.37,1778.27,2045,968.9,Ea,0,0,0,T,3/21/2022
26,AS-380,Ea,SC6 CABLE 48INCH - STARTER CABLE,157.47,348.7,401,191.23,Ea,0,0,0,T,3/21/2022
27,AS-500,Ea,04315 - SX2 CABLE 7 INCH - STARTEX CABLE (7WS20),1240.99,2085.22,2398,844.23,Ea,0,0,0,T,3/21/2022
28,AS-510,Ea,04316 - SX2 CABLE 13 INCH - STARTEX CABLE (13WS20),1354.79,2482.61,2855,1127.82,Ea,0,0,0,T,3/21/2022
29,AS-520,Ea,SX2- NO-2  ASSORTED STARTEX CABLE,690.5,1526.96,1756,836.46,Ea,0,0,0,T,3/21/2022
30,AS-700,Ea,04300 - SC2 CONN-CABLE 8 INCH - CONNECTOR (8W1A),1661.31,2780.87,3198,1119.56,Ea,0,0,0,T,3/21/2022
31,AS-710,Ea,04301 - SC2 CONN-CABLE 12 INCH - CONNECTOR (12W1A),1746.4,2830.44,3255,1084.04,Ea,0,0,0,T,3/21/2022
32,AS-720,Ea,04308 - SC2 CONN-CABLE 19 INCH CONNECTOR (19W20A),2037.23,3475.66,3997,1438.43,Ea,0,0,0,T,3/21/2022
33,AS-730,Ea,SC2 CONN-CABLE 24 INCH CONNECTOR,1360,2880,3312,1520,Ea,0,0,0,T,3/21/2022
34,AS-750,Ea,04320 - SC2 HARNESS-CABLE 14 INCH,2606.31,4468.7,5139,1862.39,Ea,0,0,0,T,3/21/2022
35,AD-310,Bottle,DEIONIZED WATER - 1LITRE CASE (12x1),95.63,166.73,192,71.1,Bottle,0,0,0,T,3/21/2022
36,AD-510,Bottle,DEIONIZED WATER - PINT CASE (24x1),47.34,83.24,96,35.9,Bottle,0,0,0,T,3/21/2022
37,AD-610,Bottle,DEIONIZED WATER - 4x1 GALLON CASE,257.53,456.53,525,199,Bottle,0,0,0,T,3/21/2022
38,AD-710,Gallon,DEIONIZED  WATER (BULK),59.97,148.21,171,88.24,Gallon,0,0,0,T,3/21/2022
39,AD-800,PL,DEIONIZED WATER - 5 GALLON,566.74,1608.7,1850,1041.96,PL,0,0,0,T,3/21/2022
40,AC-ECO-ETMFT2,Ea,MICROFIBER TOWELS,280,373.92,430,93.92,Ea,0,0,0,T,3/21/2022
41,AC-ECO-WCW24,Bottle,WATERLESS CAR WASH 6x24oz,950,1165.22,1340,215.22,Bottle,0,0,0,T,3/21/2022
42,AC-210,Bottle,ENGINE COOLANT LITRE - 12x1 CASE,107.13,185.89,214,78.76,Bottle,0,0,0,T,3/21/2022
43,AC-310,Bottle,ENGINE COOLANT - GALLON 6x1 C/S,345.72,652.18,750,306.46,Bottle,0,0,0,T,3/21/2022
44,AC-400,PL,ENGINE COOLANT - 5 GALLON,1519.67,2699.44,3105,1179.77,PL,0,0,0,T,3/21/2022
45,AC-405,Bottle,T. B.  OIL BASED RED COOLANT 12x1 QUART,354.47,1234.28,1420,879.81,Bottle,0,0,0,T,3/21/2022
46,AC-410,Each,T. B.  OIL BASED RED COOLANT 6x1 GALLON,855.6,1489.23,1713,633.63,Each,0,0,0,T,3/21/2022
47,AC-450,Bottle,Engine Coolant 2.5 Gal 2 x 1 Case,899.02,1651.8,1900,752.78,Bottle,0,0,0,T,3/21/2022
48,MAJ-003,Ea,"16"" WIPER BLADE 2-PCS VALUE PACK",300.79,440,506,139.21,Ea,0,0,0,T,3/21/2022
49,MAJ-005,Ea,"18"" WIPER BLADE 2-PCS VALUE PACK",312.41,457.4,526,144.99,Ea,0,0,0,T,3/21/2022
50,MAJ-007,Ea,"20"" WIPER BLADE 2-PCS VALUE PACK",300.58,460.87,530,160.29,Ea,0,0,0,T,3/21/2022
51,MAJ-008,Ea,"22"" WIPER BLADE 2-PCS VALUE PACK",299.87,478.27,550,178.4,Ea,0,0,0,T,3/21/2022
52,MAJ-009,Ea,"24"" WIPER BLADE 2-PCS VALUE PACK",310.6,495.66,570,185.06,Ea,0,0,0,T,3/21/2022
53,MAJ-021,Ea,"TROPICAL BATTERY 12"" CuRVED WIPER BLADE",553.6,809.57,931,255.97,Ea,0,0,0,T,3/21/2022
54,MAJ-022,Ea,"TROPICAL BATTERY 14"" CuRVED WIPER BLADE",582.87,853.05,981,270.18,Ea,0,0,0,T,3/21/2022
55,MAJ-023,Ea,"TROPICAL BATTERY 16"" CuRVED WIPER BLADE",642.15,938.27,1079,296.12,Ea,0,0,0,T,3/21/2022
56,MAJ-025,Ea,"TROPICAL BATTERY 18"" CuRVED WIPER BLADE",652.05,953.05,1096,301,Ea,0,0,0,T,3/21/2022
57,MAJ-026,Ea,"TROPICAL BATTERY 19"" CuRVED WIPER BLADE",516.05,921.74,1060,405.69,Ea,0,0,0,T,3/21/2022
58,MAJ-027,Ea,"TROPICAL BATTERY 20"" CuRVED WIPER BLADE",646.87,946.96,1089,300.09,Ea,0,0,0,T,3/21/2022
59,MAJ-028,Ea,"TROPICAL BATTERY 22"" CuRVED WIPER BLADE",590.36,947.83,1090,357.47,Ea,0,0,0,T,3/21/2022
60,MAJ-029,Ea,"TROPICAL BATTERY 24"" CuRVED WIPER BLADE",368.84,952.18,1095,583.34,Ea,0,0,0,T,3/21/2022
61,MAJ-030,Ea,"TROPICAL BATTERY 26"" CuRVED WIPER BLADE",623.22,952.18,1095,328.96,Ea,0,0,0,T,3/21/2022
62,MAJ-031,Ea,"TROPICAL BATTERY 21"" CuRVED WIPER BLADE",621.43,930.44,1070,309.01,Ea,0,0,0,T,3/21/2022
63,MAJ-032,Ea,"28"" CuRVED WIPER BLADE",717.75,1043.48,1200,325.73,Ea,0,0,0,T,3/21/2022
64,MAJ-033,Ea,"PERFORMANCE SILVER WIPER BLADE 16""",670.63,980,1127,309.37,Ea,0,0,0,T,3/21/2022
65,MAJ-035,Ea,"PERFORMANCE SILVER WIPER BLADE 18""",717.5,1034.79,1190,317.29,Ea,0,0,0,T,3/21/2022
66,MAJ-037,Ea,"PERFORMANCE SILVER WIPER BLADE 20""",718.39,1049.57,1207,331.18,Ea,0,0,0,T,3/21/2022
67,MAJ-038,Ea,"PERFORMANCE SILVER WIPER BLADE 22""",712.55,1041.74,1198,329.19,Ea,0,0,0,T,3/21/2022
68,MAJ-039,Ea,"PERFORMANCE SILVER WIPER BLADE 24""",670.63,1017.4,1170,346.77,Ea,0,0,0,T,3/21/2022
69,MAJ-041,Ea,"WIPER BLADE 2-APCK VALUE PK 18"" & 20""",259.27,380,437,120.73,Ea,0,0,0,T,3/21/2022
70,MAJ-042,Ea,"WIPER BLADE 2-APCK VALUE PK 16"" & 22""",282.28,413.05,475,130.77,Ea,0,0,0,T,3/21/2022
71,MAJ-043,Ea,"WIPER BLADE 2-APCK VALUE PK 16"" & 24""",172.52,253.05,291,80.53,Ea,0,0,0,T,3/21/2022
72,MAJ-09133,2-pk,REFRESH 2 PK. ODOR ELIM. OIL - COOL BREEZE,344.03,608.7,700,264.67,2-pk,0,0,0,T,3/21/2022
73,MAJ-09134,2-pk,REFRESH 2 PK. ODOR ELIM. OIL - CHERRY,425.69,623.48,717,197.79,2-pk,0,0,0,T,3/21/2022
74,MAJ-09135,2-pk,REFRESH 2 PK. ODOR ELIM. OIL - NEW CAR,425.83,623.48,717,197.65,2-pk,0,0,0,T,3/21/2022
75,MAJ-09136,2-pk,REFRESH 2 PK. ODOR ELIM. OIL - HAWAI SUN,408.43,608.7,700,200.27,2-pk,0,0,0,T,3/21/2022
76,MAJ-09138,2-pk,REFRESH 2 PK. ODOR ELIM. OIL - FRESH LINEN,358.63,608.7,700,250.07,2-pk,0,0,0,T,3/21/2022
77,MAJ-09872,2-pk,REFRESH 2PK - FRESH STRAWBERRY,423.94,620.87,714,196.93,2-pk,0,0,0,T,3/21/2022
78,MAJ-09878,2-pk,REFRESH 2PK - WILDFLOWERS,344.16,565.22,650,221.06,2-pk,0,0,0,T,3/21/2022
79,MAJ-100,Ea,RUBBER F/MAT EKO-4 PCS BLACK,1785.43,2608.7,3000,823.27,Ea,0,0,0,T,3/21/2022
80,MAJ-101,Ea,RUBBER F/MAT EKO-4 PCS GRAY,1669.04,2608.7,3000,939.66,Ea,0,0,0,T,3/21/2022
81,MAJ-103,Ea,RUBBER F/M NUVO - 4 PCS BLACK,2791.33,4078.27,4690,1286.94,Ea,0,0,0,T,3/21/2022
82,MAJ-10472,Ea,INTENSO AROMA SPRAY DIS/24 ASST,389.23,695.66,800,306.43,Ea,0,0,0,T,3/21/2022
83,MAJ-110,Ea,3PCS - REESE FLOOR MAT,1536.94,2217.4,2550,680.46,Ea,0,0,0,T,3/21/2022
84,MAJ-111,Ea,RUBBER F/MAT CONTINENTIAL-4 PCS BLACK,1772.16,2582.61,2970,810.45,Ea,0,0,0,T,3/21/2022
85,MAJ-112,Ea,RUBBER F/MAT CONTINENTIAL-4 PCS GRAY,1777.38,2721.74,3130,944.36,Ea,0,0,0,T,3/21/2022
86,MAJ-114,Ea,PVC - F/MAT - AERO - 4 PCS CLEAR,2442.13,3571.31,4107,1129.18,Ea,0,0,0,T,3/21/2022
87,MAJ-116,Ea,PVC - F/MAT - AERO - 4 PCS CLEAR,2616.05,3821.74,4395,1205.69,Ea,0,0,0,T,3/21/2022
88,MAJ-117,Ea,RUBBER F/MAT PACIFIC-4 PCS BLACK,2179.67,3183.48,3661,1003.81,Ea,0,0,0,T,3/21/2022
89,MAJ-118,Ea,RUBBER F/MAT PACIFIC-4 PCS GRAY,3430.9,5010.44,5762,1579.54,Ea,0,0,0,T,3/21/2022
90,MAJ-119,Ea,RUBBER F/MAT PACIFIC-4 PCS BIEGE,3382.22,4943.48,5685,1561.26,Ea,0,0,0,T,3/21/2022
91,MAJ-120,Ea,RUBBER F/MAT RUGGED-4 PCS BLACK,1348.03,1968.7,2264,620.67,Ea,0,0,0,T,3/21/2022
92,MAJ-121,Ea,RUBBER F/MAT RUGGED-4 PCS GRAY,1348.28,1969.57,2265,621.29,Ea,0,0,0,T,3/21/2022
93,MAJ-131,Ea,RUBBER F/MAT -CONTINENTAL -3PCS BLACK,3534.55,5163.48,5938,1628.93,Ea,0,0,0,T,3/21/2022
94,MAJ-132,Ea,RUBBER F/MAT -CONTINENTAL -3PCS GRAY,3758.11,5478.27,6300,1720.16,Ea,0,0,0,T,3/21/2022
95,MAJ-134A,Can,134A - AC/GAS 12/12OZ CANS,751.51,1156.53,1330,405.02,Can,0,0,0,T,3/21/2022
96,MAJ-137,Ea,RUBBER F/MAT TERRANO - 3PCS,3361.25,4914.79,5652,1553.54,Ea,0,0,0,T,3/21/2022
97,MAJ-140,Ea,PVC F/ MAT - CONTINENTAL - 3PCS - CLEAR,2502.63,3660,4209,1157.37,Ea,0,0,0,T,3/21/2022
98,MAJ-141,Ea,PVC F/ MAT - CONTINENTAL - 3PCS SMOKE BLACK,4088.21,5913.05,6800,1824.84,Ea,0,0,0,T,3/21/2022
99,MAJ-142,Ea,HEAVY DUTY TRUNK MAT - BLACK,2963.9,5617.4,6460,2653.5,Ea,0,0,0,T,3/21/2022
100,MAJ-143,Ea,HEAVY DUTY TRUNK MAT - GRAY,3732.36,5417.4,6230,1685.04,Ea,0,0,0,T,3/21/2022
101,MAJ-146,Ea,DAYTONA  F/ MAT - RUBBER - 4-PCS - BLACK,2055.74,3007.83,3459,952.09,Ea,0,0,0,T,3/21/2022
102,MAJ-147,Ea,DAYTONA  F/ MAT - RUBBER - 3PCS - GRAY,1812.96,2651.31,3049,838.35,Ea,0,0,0,T,3/21/2022
103,MAJ-154,Ea,CARPET F/M - CONTEMPO - BLACK/GRAY,1091.67,1596.53,1836,504.86,Ea,0,0,0,T,3/21/2022
104,MAJ-155,Ea,CARPET F/M - CONTEMPO - GRAY/BLACK,1093.25,1599.14,1839,505.89,Ea,0,0,0,T,3/21/2022
105,MAJ-157,Ea,LEGACY DEEP TRAY - 5 PCS RUBBER -BLACK,2605.52,4591.31,5280,1985.79,Ea,0,0,0,T,3/21/2022
106,MAJ-158,Ea,LEGACY DEEP TRAY - 5 PCS RUBBER -GRAY,2611.67,3814.79,4387,1203.12,Ea,0,0,0,T,3/21/2022
107,MAJ-160,Ea,RUBBER F/MAT ALEXANDER-4 PCS BLACK,3884.9,5652.18,6500,1767.28,Ea,0,0,0,T,3/21/2022
108,MAJ-161,Ea,RUBBER F/MAT ALEXANDER-4 PCS GRAY,2412.74,3747.83,4310,1335.09,Ea,0,0,0,T,3/21/2022
109,MAJ-163,Ea,RUBBER F/MAT ENFORCER-3 PCS BLACK,2627.94,4434.79,5100,1806.85,Ea,0,0,0,T,3/21/2022
110,MAJ-164,Ea,RUBBER F/MAT ENFORCER-3 PCS GRAY,2404.88,4434.79,5100,2029.91,Ea,0,0,0,T,3/21/2022
111,MAJ-167,Ea,FLOOR MAT - CARPET/RUBBER - GRAY,1111.75,1624.35,1868,512.6,Ea,0,0,0,T,3/21/2022
112,MAJ-169,Ea,FLOOR MAT NEXUS BLACK WOODCARPET 4-PCS,2902.01,4217.4,4850,1315.39,Ea,0,0,0,T,3/21/2022
113,MAJ-170,Ea,RUNNER F/MAT - RUBBER 1-PC BLACK,1747.64,2552.18,2935,804.54,Ea,0,0,0,T,3/21/2022
114,MAJ-173,Ea,PVC F/MAT RENEGADE - 3PCS,3323.55,4852.18,5580,1528.63,Ea,0,0,0,T,3/21/2022
115,MAJ-180,Ea,FLOOR MAT - 5PCS - PVC - CLEAR PROTECTOR,2647.42,4608.7,5300,1961.28,Ea,0,0,0,T,3/21/2022
116,MAJ-181,Ea,FLOOR MAT - 5PCS - PVC - SMOKE PROTECTOR,2901.19,4608.7,5300,1707.51,Ea,0,0,0,T,3/21/2022
117,MAJ-185,Ea,ARMOR FLOOR MAT RUBBER 2-PCS BLACK,2736.01,3997.4,4597,1261.39,Ea,0,0,0,T,3/21/2022
118,MAJ-186,Ea,FLOOR MAT - 4PCS - HD METALLIC RED/BK RUBBER,3020.89,4391.31,5050,1370.42,Ea,0,0,0,T,3/21/2022
119,MAJ-187,Ea,GENESIS FLOOR MAT RUBBER- 4PCS - BLACK,3384.99,4947.83,5690,1562.84,Ea,0,0,0,T,3/21/2022
120,MAJ-190,Ea,FLOOR MAT - SATURN- BLACK/GRAY - 3PCS,2332.33,3652.18,4200,1319.85,Ea,0,0,0,T,3/21/2022
121,MAJ-193,Ea,FURIOUS FLOOR MAT RUBBER/ALUMINUM,3225.32,4708.7,5415,1483.38,Ea,0,0,0,T,3/21/2022
122,MAJ-196,Ea,FURIOUS FLOOR MAT - 4PCS - RUBBER/ALUMINUIM-BLACK,2934.65,4293.92,4938,1359.27,Ea,0,0,0,T,3/21/2022
123,MAJ-1R134-12,Each,12OZ - AC- 134 CAN 12/1 CASE,705.35,1078.27,1240,372.92,Each,0,0,0,T,3/21/2022
124,MAJ-2027,Ea,"WIPER BLADE - CURVED 12"" CN",502.25,739.14,850,236.89,Ea,0,0,0,T,3/21/2022
125,MAJ-2028,Ea,"WIPER BLADE - CURVED 14"" CN",510.92,747.83,860,236.91,Ea,0,0,0,T,3/21/2022
126,MAJ-2029,Ea,"WIPER BLADE - CURVED 16"" CN",511.29,747.83,860,236.54,Ea,0,0,0,T,3/21/2022
127,MAJ-2030,Ea,"WIPER BLADE - CURVED 18"" CN",503.25,765.22,880,261.97,Ea,0,0,0,T,3/21/2022
128,MAJ-2031,Ea,"WIPER BLADE - CURVED 19"" CN",493.89,773.92,890,280.03,Ea,0,0,0,T,3/21/2022
129,MAJ-2032,Ea,"WIPER BLADE - CURVED 20"" CN",505.41,804.35,925,298.94,Ea,0,0,0,T,3/21/2022
130,MAJ-2033,Ea,"WIPER BLADE - CURVED 21"" CN",505.89,869.57,1000,363.68,Ea,0,0,0,T,3/21/2022
131,MAJ-2034,Ea,"WIPER BLADE - CURVED 22"" CN",526.09,891.31,1025,365.22,Ea,0,0,0,T,3/21/2022
132,MAJ-2035,Ea,"WIPER BLADE - CURVED 24"" CN",582.49,913.05,1050,330.56,Ea,0,0,0,T,3/21/2022
133,MAJ-2036,Ea,"WIPER BLADE - CURVED 26"" CN",590.31,921.74,1060,331.43,Ea,0,0,0,T,3/21/2022
134,MAJ-2037,Ea,TROPICAL BATTERY BOOSTER CABLE - 600 AMP 16FT W/GLOVES,2188.32,3199.14,3679,1010.82,Ea,0,0,0,T,3/21/2022
135,MAJ-2038,Ea,"WIPER BLADE - CURVED 28"" CN",570.29,930.44,1070,360.15,Ea,0,0,0,T,3/21/2022
136,MAJ-205,Ea,S.W.C ULTRA GRIP BLACK,886.06,1304.35,1500,418.29,Ea,0,0,0,T,3/21/2022
137,MAJ-210,Ea,S.W.C BLACK LUX,1130.73,1652.18,1900,521.45,Ea,0,0,0,T,3/21/2022
138,MAJ-216,Ea,S.W.C POWER GRIP BLACK/GRAY,487.05,704.35,810,217.3,Ea,0,0,0,T,3/21/2022
139,MAJ-217,Ea,S.W.C POWER GRIP BLACK/RED,711.59,1304.35,1500,592.76,Ea,0,0,0,T,3/21/2022
140,MAJ-220,Ea,S.W.C BLACK- SILVER MAJIC,868.21,1304.35,1500,436.14,Ea,0,0,0,T,3/21/2022
141,MAJ-225,Ea,S.W.C MAJIC BLACK GRAY/SILVER,874.41,1277.4,1469,402.99,Ea,0,0,0,T,3/21/2022
142,MAJ-234,Ea,S.W.C BLACK/GRAY WOOD - SILVER,1175.87,1718.27,1976,542.4,Ea,0,0,0,T,3/21/2022
143,MAJ-235,Ea,S.W.C BLACK  WOOD - SILVER,1148.46,1680.87,1933,532.41,Ea,0,0,0,T,3/21/2022
144,MAJ-236,Ea,S.W.C BEIGE  WOOD - SILVER,1144.75,1652.18,1900,507.43,Ea,0,0,0,T,3/21/2022
145,MAJ-257,Ea,S.W.C MAJIC CONTOUR BLACK,544.55,869.57,1000,325.02,Ea,0,0,0,T,3/21/2022
146,MAJ-260,Ea,S.W.C FAT BOY BLACK  WOOD,806.41,1178.27,1355,371.86,Ea,0,0,0,T,3/21/2022
147,MAJ-281,Ea,SWC BLACK WITH RED METAL STRIP CN,732.82,1130.44,1300,397.62,Ea,0,0,0,T,3/21/2022
148,MAJ-285,Ea,S.W.C BLACK/WOOD,1154.7,1686.09,1939,531.39,Ea,0,0,0,T,3/21/2022
149,MAJ-300,Ea,SWC LEATHERETTE BLACK / TRIM,475.64,704.35,810,228.71,Ea,0,0,0,T,3/21/2022
150,MAJ-301,Ea,SWC LEATHERETTE GRAY / TRIM,477.87,756.53,870,278.66,Ea,0,0,0,T,3/21/2022
151,MAJ-303,Ea,SWC ULTRA GRIP -  BLACK,732.82,1226.09,1410,493.27,Ea,0,0,0,T,3/21/2022
152,MAJ-304,Ea,SWC ULTRA GRIP -  GRAY,732.82,1226.09,1410,493.27,Ea,0,0,0,T,3/21/2022
153,MAJ-317,Ea,S.W.C SPORT TRIM BLACK/GRAY,1153.52,1685.22,1938,531.7,Ea,0,0,0,T,3/21/2022
154,MAJ-321,Ea,S.W.C SPORT TRIM GRAY/BLACK,777.99,1608.7,1850,830.71,Ea,0,0,0,T,3/21/2022
155,MAJ-327,Ea,S.W.C SPORT TRIM BIEGE/WOOD,654.65,1608.7,1850,954.05,Ea,0,0,0,T,3/21/2022
156,MAJ-329,Ea,S.W.C BLACK REDW/RED STITCH,823.32,1608.7,1850,785.38,Ea,0,0,0,T,3/21/2022
157,MAJ-349,Ea,S.W.C BLACK FLASH DELUX,729.25,1608.7,1850,879.45,Ea,0,0,0,T,3/21/2022
158,MAJ-350,Ea,S.W.C BALCK / GRAY FLASH DELUX,609.69,1608.7,1850,999.01,Ea,0,0,0,T,3/21/2022
159,MAJ-351,Ea,S.W.C BLACK-DOUBLE CHROME,854.53,1608.7,1850,754.17,Ea,0,0,0,T,3/21/2022
160,MAJ-352,Ea,S.W.C GRAY-DOUBLE CHROME,1183.51,1728.7,1988,545.19,Ea,0,0,0,T,3/21/2022
161,MAJ-362,Ea,S.W.C BALCK / RED SQUARE,583.38,852.18,980,268.8,Ea,0,0,0,T,3/21/2022
162,MAJ-363,Ea,SWC BLACK WITH WOOD-ELITE,1189.69,1739.14,2000,549.45,Ea,0,0,0,T,3/21/2022
163,MAJ-364,Ea,SWC BEIGE WITH WOOD-ELITE,632.68,1304.35,1500,671.67,Ea,0,0,0,T,3/21/2022
164,MAJ-365,Ea,SWC GRAY WITH WOOD-ELITE,880.59,1304.35,1500,423.76,Ea,0,0,0,T,3/21/2022
165,MAJ-401,Each,6 PCS MICROFIBER CLEANING CLOTHS,54.49,86.96,100,32.47,Each,0,0,0,T,3/21/2022
166,MAJ-402,Each,12 PCS MICROFIBER CLEANING CLOTHS + 2 BONUS,113.94,165.95,191,52.01,Each,0,0,0,T,3/21/2022
167,MAJ-403,Pack=3,3 PCS MICROFIBER CLEANING CLOTHS,64.83,282.61,325,217.78,Pack=3,0,0,0,T,3/21/2022
168,MAJ-442,Ea,WASH & DRY 3 PCS VALUE PACK,358.68,556.53,640,197.85,Ea,0,0,0,T,3/21/2022
169,MAJ-450,Ea,SYNTHETIC CHAMOIS - SMALL,304.83,478.27,550,173.44,Ea,0,0,0,T,3/21/2022
170,MAJ-451,Ea,SYNTHETIC CHAMOIS - LARGE,546.17,798.27,918,252.1,Ea,0,0,0,T,3/21/2022
171,MAJ-465,Ea,MAJIC HAEDLIGHT RESTORATION 10oz,535.64,782.61,900,246.97,Ea,0,0,0,T,3/21/2022
172,MAJ-501,Ea,BOTTLE JACK - 2 TON - PLASTIC CASE,3065.79,4434.79,5100,1369,Ea,0,0,0,T,3/21/2022
173,MAJ-503,Ea,BOTTLE JACK - 5 TON - PLASTIC CASE,4031.02,5826.09,6700,1795.07,Ea,0,0,0,T,3/21/2022
174,MAJ-531,Ea,SISSOR JACK 1.5 TON,2002.03,2913.05,3350,911.02,Ea,0,0,0,T,3/21/2022
175,MAJ-544,Ea,CABLE - 600 AMP 16FT W/GLOVES,1633.66,2582.61,2970,948.95,Ea,0,0,0,T,3/21/2022
176,MAJ-545,Ea,BATTERY POST CLEANER,188.08,295.66,340,107.58,Ea,0,0,0,T,3/21/2022
177,MAJ-614,Ea,DELUX-LUMBAR-SEAT CUSHION -GRAY,2077.02,2853.05,3281,776.03,Ea,0,0,0,T,3/21/2022
178,MAJ-616,Ea,DORAL SEAT COVER KIT BALCK/GRAY 11-PCS,1998.08,4139.14,4760,2141.06,Ea,0,0,0,T,3/21/2022
179,MAJ-617,Ea,DORAL SEAT COVER KIT BALCK/BEIGE 11-PCS,1972.39,4139.14,4760,2166.75,Ea,0,0,0,T,3/21/2022
180,MAJ-618,Ea,DORAL SEAT COVER KIT BALCK/RED 11-PCS,2697.43,4139.14,4760,1441.71,Ea,0,0,0,T,3/21/2022
181,MAJ-626,Ea,MINI-VAN SEAT COVER SET-20PCS BLACK,9249.4,13626.09,15670,4376.69,Ea,0,0,0,T,3/21/2022
182,MAJ-627,Ea,MINI-VAN SEAT COVER SET-20PCS GRAY,9249.4,13626.09,15670,4376.69,Ea,0,0,0,T,3/21/2022
183,MAJ-628,Ea,SEAT COVER KIT - LUXOR-BLACK-13 PCS,6147.86,8860.87,10190,2713.01,Ea,0,0,0,T,3/21/2022
184,MAJ-629,Ea,SEAT COVER KIT - LUXOR-GRAY-13 PCS,6038.85,8773.92,10090,2735.07,Ea,0,0,0,T,3/21/2022
185,MAJ-630,Ea,SEAT COVER KIT LUXOR - BEIGE  - 13  PCS,6041.11,8821.74,10145,2780.63,Ea,0,0,0,T,3/21/2022
186,MAJ-63111,Ea,LOOP GEL VENT CLIP- NEW CAR,282.03,408.7,470,126.67,Ea,0,0,0,T,3/21/2022
187,MAJ-63113,Ea,LOOP GEL VENT CLIP- BLACK,338.75,521.74,600,182.99,Ea,0,0,0,T,3/21/2022
188,MAJ-63114,Ea,LOOP GEL VENT CLIP- AQUA,310.99,521.74,600,210.75,Ea,0,0,0,T,3/21/2022
189,MAJ-63115,Ea,LOOP GEL VENT CLIP- RED FRUITS,337.3,521.74,600,184.44,Ea,0,0,0,T,3/21/2022
190,MAJ-63116,Ea,LOOP GEL VENT CLIP- LEMON,335.08,521.74,600,186.66,Ea,0,0,0,T,3/21/2022
191,MAJ-63117,Ea,LOOP GEL VENT CLIP - VANILLA,283.11,521.74,600,238.63,Ea,0,0,0,T,3/21/2022
192,MAJ-63120,Ea,AROMA GEL - LEMON TREE,630.81,956.53,1100,325.72,Ea,0,0,0,T,3/21/2022
193,MAJ-63172,Ea,AROMA GEL-BLACL JACK,507.08,747.83,860,240.75,Ea,0,0,0,T,3/21/2022
194,MAJ-633,Ea,BALI FULL SET SEAT COVER - BLACK,4066.48,6556.53,7540,2490.05,Ea,0,0,0,T,3/21/2022
195,MAJ-634,Ea,BALI FULL SET SEAT COVER - GRAY,4056.71,6747.83,7760,2691.12,Ea,0,0,0,T,3/21/2022
196,MAJ-643,Ea,BALI HIGH BACK FULL SET SEAT COVER - BLACK,5206.59,7547.83,8680,2341.24,Ea,0,0,0,T,3/21/2022
197,MAJ-646,Ea,CHARLES LUX SEAT COVER 8-PCS BLACK,4849.31,8530.44,9810,3681.13,Ea,0,0,0,T,3/21/2022
198,MAJ-647,Ea,CHARLES LUX SEAT COVER 8-PCS GRAY,4754.63,8426.09,9690,3671.46,Ea,0,0,0,T,3/21/2022
199,MAJ-648,Ea,CHARLES LUX - BEIGE SEAT COVER - 8 PCES,9284.06,13391.31,15400,4107.25,Ea,0,0,0,T,3/21/2022
200,MAJ-649,Ea,CHARLES LUX SEAT COVER 8-PCS BLACK/RED,4939.46,8426.09,9690,3486.63,Ea,0,0,0,T,3/21/2022
201,MAJ-671,Ea,CHARLES LUX - BLACK/BLUE SEAT COVER - 8 PCS,7088.44,12173.92,14000,5085.48,Ea,0,0,0,T,3/21/2022
202,MAJ-672,Ea,CHARLES LUX - BLACK/PURPLE SEAT COVER - 8 PCS,6825.31,12173.92,14000,5348.61,Ea,0,0,0,T,3/21/2022
203,MAJ-700,Ea,"2"" BLIND SPOT MIRROR",149.33,260.87,300,111.54,Ea,0,0,0,T,3/21/2022
204,MAJ-701,Ea,"3"" BLIND SPOT MIRROR",256.8,391.31,450,134.51,Ea,0,0,0,T,3/21/2022
205,MAJ-702389,Ea,LED 2W LIGHT SWITCH - 2 PK,844.75,1304.35,1500,459.6,Ea,0,0,0,T,3/21/2022
206,MAJ-703,Ea,"3.75 x 2.5"" WEDGE BLIND SPOT WEDGE",263.83,434.79,500,170.96,Ea,0,0,0,T,3/21/2022
207,MAJ-704,Ea,"2"" BLIND SPOT - ANTI GLARE - 2PCS",310.69,454.79,523,144.1,Ea,0,0,0,T,3/21/2022
208,MAJ-707,Ea,VALVE CAPS - CHROME - 4-PCS,181.96,278.27,320,96.31,Ea,0,0,0,T,3/21/2022
209,MAJ-708,Ea,VALVE CAPS - GRAPHITE - 4-PCS,176.19,278.27,320,102.08,Ea,0,0,0,T,3/21/2022
210,MAJ-709,Ea,VALVE CAPS - METALLIC RED - 4-PCS,229.21,347.83,400,118.62,Ea,0,0,0,T,3/21/2022
211,MAJ-710,Ea,PENCIL TIRE GAUGE W/4 VALVE CAPS,214.23,347.83,400,133.6,Ea,0,0,0,T,3/21/2022
212,MAJ-712,Ea,DIGITAL TIRE GAUGE W/LED LIGHT,1043.55,1526.09,1755,482.54,Ea,0,0,0,T,3/21/2022
213,MAJ-713,Ea,TIRE REPAIR KIT - 8 PCS,400.79,895.66,1030,494.87,Ea,0,0,0,T,3/21/2022
214,MAJ-716,Ea,VALVE CAPS - METALLIC BLUE - 4-PCS,208.9,304.35,350,95.45,Ea,0,0,0,T,3/21/2022
215,MAJ-722,Ea,VALVE CAPS - PINK - 4-PCS,189.19,304.35,350,115.16,Ea,0,0,0,T,3/21/2022
216,MAJ-732,Ea,SUNSHADE - JUMBO -BLUE,713.97,1130.44,1300,416.47,Ea,0,0,0,T,3/21/2022
217,MAJ-733,Ea,SUNSHADE - JUMBO -SILVER,1428.35,2086.96,2400,658.61,Ea,0,0,0,T,3/21/2022
218,MAJ-734,Ea,SUNSHADE - JUMBO - RED,697.86,1020.87,1174,323.01,Ea,0,0,0,T,3/21/2022
219,MAJ-735,Ea,SUNSHADE - JUMBO - PURPLE,501.24,756.53,870,255.29,Ea,0,0,0,T,3/21/2022
220,MAJ-736,Ea,SUNSHADE - JUMBO -EMOJI,857.14,1304.35,1500,447.21,Ea,0,0,0,T,3/21/2022
221,MAJ-737,Ea,SUNSHADE - ROUND - 3-PCS,1005.69,1469.57,1690,463.88,Ea,0,0,0,T,3/21/2022
222,MAJ-741,Ea,12 VOLT - VACCUM - HEPA FILTER W/CASE,2234.73,3217.4,3700,982.67,Ea,0,0,0,T,3/21/2022
223,MAJ-751,Ea,12 VOLT - VACUM WET/DRY 90 WATT,1755.22,2582.61,2970,827.39,Ea,0,0,0,T,3/21/2022
224,MAJ-752,Ea,HEAVY DUTY AIR COMPRESSOR W/LED LIGHT,5950.85,8695.66,10000,2744.81,Ea,0,0,0,T,3/21/2022
225,MAJ-766,Ea,MAJIC 120 WATT - WET DRY VACUUM W/CASE,2401.85,3565.22,4100,1163.37,Ea,0,0,0,T,3/21/2022
226,MAJ-771,Ea,MAJIC COB LIGHT W/SUCTION CUP,460.31,704.35,810,244.04,Ea,0,0,0,T,3/21/2022
227,MAJ-772,Ea,MAJIC COB LED KEY CHAIN,246.43,365.22,420,118.79,Ea,0,0,0,T,3/21/2022
228,MAJ-777,Ea,LED 2W LIGHT SWITCH - SINGLE SWITCH,444.97,650.44,748,205.47,Ea,0,0,0,T,3/21/2022
229,MAJ-92021,Ea,AROMA GLASS GEL DISPLAY-ASSORTED,630.82,913.05,1050,282.23,Ea,0,0,0,T,3/21/2022
230,MAJ-92022,Ea,AROMA CAR GEL - BLACK JACK,451.79,704.35,810,252.56,Ea,0,0,0,T,3/21/2022
231,MAJ-92024,Ea,AROMA GEL - LEMON TREE,460.28,704.35,810,244.07,Ea,0,0,0,T,3/21/2022
232,MAJ-92029,Ea,AROMA GEL - CHERRY,453.71,704.35,810,250.64,Ea,0,0,0,T,3/21/2022
233,MAJ-92030,Ea,AROMA GEL - NEW CAR,451.79,704.35,810,252.56,Ea,0,0,0,T,3/21/2022
234,MAJ-92090,Ea,AROMA CAN ORGANIC ASSORTED 12-PCS,355.6,521.74,600,166.14,Ea,0,0,0,T,3/21/2022
235,MAJ-92091,Ea,AROMA ORGANIC STRAWBERRY,353.85,521.74,600,167.89,Ea,0,0,0,T,3/21/2022
236,MAJ-92103,Ea,AROMA ORGANIC CAN-BLACK ICE,354.01,521.74,600,167.73,Ea,0,0,0,T,3/21/2022
237,MAJ-92116,Ea,CAR PERFUME - VANILLA  ADVENTURE 7-ML LIQUID,484.51,756.53,870,272.02,Ea,0,0,0,T,3/21/2022
238,MAJ-92120,Ea,AROMA ORGANIC CAN-CHERRY,355.7,513.05,590,157.35,Ea,0,0,0,T,3/21/2022
239,MAJ-92171,Ea,CAR PERFUME - AQUA BLUE,272.55,434.79,500,162.24,Ea,0,0,0,T,3/21/2022
240,MAJ-92172,Ea,CAR PERFUME - VANILLA  ADVENTURE,314.43,459.14,528,144.71,Ea,0,0,0,T,3/21/2022
241,MAJ-92173,Ea,CAR PERFUME - CITRUS SQUASH,314.59,456.53,525,141.94,Ea,0,0,0,T,3/21/2022
242,MAJ-92174,Ea,CAR PERFUME - BLACK JACK,251.66,434.79,500,183.13,Ea,0,0,0,T,3/21/2022
243,MAJ-92175,Ea,CAR PERFUME - PINK  GRAPEFRUIT,258.13,434.79,500,176.66,Ea,0,0,0,T,3/21/2022
244,MAJ-92176,Ea,CAR PERFUME - COFFEE  SCENT,278.2,434.79,500,156.59,Ea,0,0,0,T,3/21/2022
245,MAJ-92182,Ea,HANGING TOP GEL - BLACK ICE,241.36,434.79,500,193.43,Ea,0,0,0,T,3/21/2022
246,MAJ-92183,Ea,HANGING TOP GEL - AQUA,246.05,434.79,500,188.74,Ea,0,0,0,T,3/21/2022
247,MAJ-92184,Ea,HANGING TOP GEL - FIRE,242.13,434.79,500,192.66,Ea,0,0,0,T,3/21/2022
248,MAJ-92185,Ea,HANGING TOP GEL - DENIM,241.04,434.79,500,193.75,Ea,0,0,0,T,3/21/2022
249,MAJ-92192,Ea,AROMACAR ECO - AQUA BLUE,257.79,434.79,500,177,Ea,0,0,0,T,3/21/2022
250,MAJ-92193,Ea,AROMACAR ECO - VANILLA,257.79,434.79,500,177,Ea,0,0,0,T,3/21/2022
251,MAJ-92195,Ea,AROMACAR ECO - BLACK-JACK,257.79,434.79,500,177,Ea,0,0,0,T,3/21/2022
252,MAJ-92196,Ea,AROMACAR ECO - GRAPEFRUIT,257.85,434.79,500,176.94,Ea,0,0,0,T,3/21/2022
253,MAJ-92303,Ea,MAGIC GEL VENT - AQUA,234.74,434.79,500,200.05,Ea,0,0,0,T,3/21/2022
254,MAJ-92304,Ea,MAGIC GEL VENT - LEMON,232.39,434.79,500,202.4,Ea,0,0,0,T,3/21/2022
255,MAJ-92305,Ea,MAGIC GEL VENT - BLACK,233.84,434.79,500,200.95,Ea,0,0,0,T,3/21/2022
256,MAJ-92319,Ea,MAGIC GEL VENT - VANILLA,232.39,434.79,500,202.4,Ea,0,0,0,T,3/21/2022
257,MAJ-92320,Ea,MAGIC GEL VENT - R/FRUIT,232.39,434.79,500,202.4,Ea,0,0,0,T,3/21/2022
258,MAJ-92512,Ea,AROMA PRESTIGUE BAG - BLACK,244.08,434.79,500,190.71,Ea,0,0,0,T,3/21/2022
259,MAJ-92513,Ea,AROMA PRESTIGUE BAG - GOLD,244.08,434.79,500,190.71,Ea,0,0,0,T,3/21/2022
260,MAJ-92514,Ea,AROMA PRESTIGUE BAG - SILVER,244.1,434.79,500,190.69,Ea,0,0,0,T,3/21/2022
261,MAJ-92800,Ea,AROMA GEL - NEW CAR,504.21,736.53,847,232.32,Ea,0,0,0,T,3/21/2022
262,MAJ-941,Ea,BLACK - OPULENCE ULTRA LUX- SEAT COVER 14 PCS,11189.32,16173.92,18600,4984.6,Ea,0,0,0,T,3/21/2022
263,MAJ-949,Ea,BLUE-BLACK-OPULENCE ULTRA LUX- SEAT COVER 14 PCS,9229.98,14434.79,16600,5204.81,Ea,0,0,0,T,3/21/2022
264,MAJ-ASD11,Ea,AREON SMILE VANILLE AIR FRESH,73.65,121.74,140,48.09,Ea,0,0,0,T,3/21/2022
265,MAJ-ASD12,Ea,AREON SMILE BUBBLE GUM AIR FRESH,73.65,121.74,140,48.09,Ea,0,0,0,T,3/21/2022
266,MAJ-ASD13,Ea,AREON SMILE NO SMOKING AIR FRESH,67.07,121.74,140,54.67,Ea,0,0,0,T,3/21/2022
267,MAJ-ASD14,Ea,AREON SMILE TUTTI FRUTTI AIR FRESH,73.65,121.74,140,48.09,Ea,0,0,0,T,3/21/2022
268,MAJ-ASD15,Ea,AREON SMILE FRESH AIR,68.47,121.74,140,53.27,Ea,0,0,0,T,3/21/2022
269,MAJ-ASD16,Ea,AREON SMILE PARTY AIR FRESH,70.32,121.74,140,51.42,Ea,0,0,0,T,3/21/2022
270,MAJ-ASD21,Ea,AREON SMILE NEW CAR AIR FRESH,73.65,113.05,130,39.4,Ea,0,0,0,T,3/21/2022
271,MAJ-CWW01,Ea,AREON - LEATHER WIPES 25 PC,216.99,347.83,400,130.84,Ea,0,0,0,T,3/21/2022
272,MAJ-CWW02,Ea,AREON - DASH WIPES 25 PC,234.67,347.83,400,113.16,Ea,0,0,0,T,3/21/2022
273,AT-010,Each,TERMINAL END - CAR 100 PER CASE,190.44,313.92,361,123.48,Each,0,0,0,T,3/21/2022
274,AT-030,Each,TERMINAL END - TRUCK ( 60 PER CASE),258.04,379.14,436,121.1,Each,0,0,0,T,3/21/2022
275,AT-040,Each,MARINE UNI-TERM-ENDS  EACH,219.55,343.48,395,123.93,Each,0,0,0,T,3/21/2022
276,AW-075,Bottle,WINDSCREEN WASH LITRE 12x1 CASE,116.67,204.54,236,87.87,Bottle,0,0,0,T,3/21/2022
277,AW-080,Bottle,WINDSCREEN  WASH 1.8- LITRE - 8 PER CASE,195.68,343.96,396,148.28,Bottle,0,0,0,T,3/21/2022
278,AW-095,Bottle,WINDSCREEN  WASH 1- GALLON,374.54,652.43,751,277.89,Bottle,0,0,0,T,3/21/2022
279,FRZ-WW-1LT,Bottle,WINSHEILD WASH 1 LITRE 15x1L,138.24,242.48,279,104.24,Bottle,0,0,0,T,3/21/2022
280,A-LF-PH2827,Ea,LF-PH2827 OIL FILTER,209.24,313.05,360,103.81,Ea,0,0,0,T,3/21/2022
281,A-LF-PH2835,Ea,LF-PH2835 OIL FILTER,179.36,269.57,310,90.21,Ea,0,0,0,T,3/21/2022
282,A-LF-PH2867,Ea,LF-PH2867 OIL FILTER,212.83,321.74,370,108.91,Ea,0,0,0,T,3/21/2022
283,A-LF-PH820,Ea,LF-PH820 OIL FILTER,250.75,373.92,430,123.17,Ea,0,0,0,T,3/21/2022
284,A-LF-PH8A,Ea,LF-PH8A OIL FILTER,165.41,252.18,290,86.77,Ea,0,0,0,T,3/21/2022
285,A5-405,Tube,GREASE GADUS S3 V220 TUBE (10X1) RED,608.36,615.66,708,7.3,Tube,0,0,0,T,3/21/2022
286,A5-F05,Ea,L14610 OIL FILTER HONDA CIVIC 1700 2002 CRV MAZ 626,395,591.31,680,196.31,Ea,0,0,0,T,3/21/2022
287,AC-001,KIT,CAR CARE KIT (Stain Blast-Tangie Clean Tyre Shine H/L Eye Drops,1413.84,2147.83,2470,733.99,KIT,0,0,0,T,3/21/2022
288,AC-002,Ea,TANGIE CLEAN 8oz BOTTLE,325.71,504.35,580,178.64,Ea,0,0,0,T,3/21/2022
289,AC-003,Ea,SLICKS HEADLIGHT EYE DROPS 2oz BOTTLE,250,382.61,440,132.61,Ea,0,0,0,T,3/21/2022
290,AC-004,Ea,SLICKS TYRE SHINE 2oz BOTTLE,250,382.61,440,132.61,Ea,0,0,0,T,3/21/2022
291,AC-005,Ea,STAIN BLASTER 22oz BOTTLE,630.26,939.14,1080,308.88,Ea,0,0,0,T,3/21/2022
292,AC-006,Ea,TANGIE CLEAN 32oz BOTTLE,800,1173.92,1350,373.92,Ea,0,0,0,T,3/21/2022
293,AC-R-5000,Ea,FLUID RETRACTOR,4197.37,6234.79,7170,2037.42,Ea,0,0,0,T,3/21/2022
294,AM-010,Pair,BATTERY ADAPTERS (PAIR),300,261.25,301,-38.75,Pair,0,0,0,T,3/21/2022
295,AM-110,Ea,44B20 & 60B24  HOLD DOWN CLAMP,289.04,573.92,660,284.88,Ea,0,0,0,T,3/21/2022
296,AM-111,Ea,80D - 95D BATTERY CLAMP,318.4,573.92,660,255.52,Ea,0,0,0,T,3/21/2022
297,AM-115,Ea,J-BOLTS,191.97,295.66,340,103.69,Ea,0,0,0,T,3/21/2022
298,AM-220,Ea,HYDROMETER Small  (TROP),2843.99,3956.53,4550,1112.54,Ea,0,0,0,T,3/21/2022
299,AM-670,Ea,# 20 HOSE CLAMPS,25.55,121.74,140,96.19,Ea,0,0,0,T,3/21/2022
300,AM-781,Ea,"14"" CLEAR PLASTIC NARROW TIES",7.55,17.4,20,9.85,Ea,0,0,0,T,3/21/2022
301,AM-900,Ea,HALOGEN 12V-60/55W BULB,295.55,347.83,400,52.28,Ea,0,0,0,T,3/21/2022
302,AM-900A,Ea,HALOGEN BULBS 100/90 WATTS,225.49,391.31,450,165.82,Ea,0,0,0,T,3/21/2022
303,AM-900B,Ea,HALOGEN BULB 140/100 WATT,162.5,278.27,320,115.77,Ea,0,0,0,T,3/21/2022
304,AM-901,Ea,501 CAPLESS BULB 12V 3W,18,43.48,50,25.48,Ea,0,0,0,T,3/21/2022
305,AM-901B,Ea,7443 CAPLESS BULB,78.29,156.53,180,78.24,Ea,0,0,0,T,3/21/2022
306,AM-902,Ea,DOUBLE CONTACT 12V-21/5W BULB,29,43.48,50,14.48,Ea,0,0,0,T,3/21/2022
307,AM-903,Ea,SINGLE CONTACT 12V-21W BULB,29.8,43.48,50,13.68,Ea,0,0,0,T,3/21/2022
308,AM-904,Ea,207 BULB,17.96,43.48,50,25.52,Ea,0,0,0,T,3/21/2022
309,AM-BATTERY LIFTERS,Ea,BATTERY LIFTERS (CARRIERS),190.81,286.96,330,96.15,Ea,0,0,0,T,3/21/2022
310,AM-GREASE-10X14OZ,Tube,MULTIFAK EP2 TUBE GREASE 10 x 14oz,500.98,750.18,863,249.2,Tube,0,0,0,T,3/21/2022
311,AM-M-AF-C,Ea,CARD AIR-FRESHENER PAPER TREE,105.43,156.53,180,51.1,Ea,0,0,0,T,3/21/2022
312,AM-PM91005,Ea,PM91005 -Powermax Jumper Starter - Power,3254.87,7997.11,9197,4742.24,Ea,0,0,0,T,3/21/2022
313,AM-PM91006,Ea,PM91006 - Powermax Jumper Starter - Power,5697.2,8081.16,9294,2383.96,Ea,0,0,0,T,3/21/2022
314,AM-W-AP00011,Ea,Fuses-Redi ATC 15 Flat,7.76,43.48,50,35.72,Ea,0,0,0,T,3/21/2022
315,AM-W-AP00012,Ea,Fuses-Redi ATC 20 Flat,6.4,43.48,50,37.08,Ea,0,0,0,T,3/21/2022
316,AM-W-AP00013,Ea,Fueses-Redi ATC 30 Flat,5.56,43.48,50,37.92,Ea,0,0,0,T,3/21/2022
317,AM-W-AP00014,Ea,Electrical Tape - AMGA UL60,145.09,156.53,180,11.44,Ea,0,0,0,T,3/21/2022
318,AM-W-AP00015,Ea,25 AMP A.T.C.  FUSE,6.56,43.48,50,36.92,Ea,0,0,0,T,3/21/2022
319,AM-W-AP00054,Ea,Fuses Redi ATC 10 Flat,6.46,43.48,50,37.02,Ea,0,0,0,T,3/21/2022
320,AM-W-AP001,Ea,10 AMP MINI PLUG IN FUSE,8.88,43.48,50,34.6,Ea,0,0,0,T,3/21/2022
321,AM-W-AP002,Ea,15 AMP MINI PLUG IN FUSE,8.88,43.48,50,34.6,Ea,0,0,0,T,3/21/2022
322,AM-W-AP003,Ea,20 AMP MINI PLUG IN FUSE,8.82,43.48,50,34.66,Ea,0,0,0,T,3/21/2022
323,AM-W-AP004,Ea,5 AMP MINI PLUG IN FUSE,13.34,43.48,50,30.14,Ea,0,0,0,T,3/21/2022
324,AM-W-AP005,Ea,25 AMP MINI PLUG IN FUSE,6.83,43.48,50,36.65,Ea,0,0,0,T,3/21/2022
325,AM-W-AP006,Ea,30 AMP MINI PLUG IN FUSE,7.96,43.48,50,35.52,Ea,0,0,0,T,3/21/2022
326,AN-100,Each,NOCO PADS - TINS CASE (6x1),9.04,23.57,28,14.53,Each,0,0,0,T,3/21/2022
327,AR-LUGS,Ea,LUGS ASSORTED,80.21,121.74,140,41.53,Ea,0,0,0,T,3/21/2022
328,AR-MAG-RIM-16,Ea,"MAG RIMS 16"" RIMS",41630.91,61826.09,71100,20195.18,Ea,0,0,0,T,3/21/2022
329,AR-RIMS-17,Ea,"17 "" RIM",57553.65,85469.57,98290,27915.92,Ea,0,0,0,T,3/21/2022
330,AR-W/LOCKS,Ea,WHEEL LOCKS,614.11,913.05,1050,298.94,Ea,0,0,0,T,3/21/2022
331,AS-BRACKET-US2,Ea,SOLAR BRACKETS US2,5417.81,8913.05,10250,3495.24,Ea,0,0,0,T,3/21/2022
332,AS-BRACKET-US3,Ea,SOLAR BRACKETS US3,5417.35,8913.05,10250,3495.7,Ea,0,0,0,T,3/21/2022
333,AS-BRACKETS,Ea,SOLAR BRACKETS WJ0ZU200B01,5900.72,9782.61,11250,3881.89,Ea,0,0,0,T,3/21/2022
334,AS-HV-CABLE-KIT,Ea,SOLAR H-V CABLE KIT,10639.9,17347.83,19950,6707.93,Ea,0,0,0,T,3/21/2022
335,AS-IND-CABINET,Ea,SOLAR INDOOR CABINET,80363.89,130434.79,150000,50070.9,Ea,0,0,0,T,3/21/2022
336,AS-LV-CABLE-KIT,Ea,SOLAR L-V CABLE KIT,3058.42,4782.61,5500,1724.19,Ea,0,0,0,T,3/21/2022
337,AS-LV-HUB,Ea,LV-HUB - SOLAR LOW VOLTAGE HUB,47860.17,78260.87,90000,30400.7,Ea,0,0,0,T,3/21/2022
338,AS-OUT-CABINET,Ea,SOLAR OUTDOOR CABINET,80364.14,130434.79,150000,50070.65,Ea,0,0,0,T,3/21/2022
339,AS-SC1000-100S,Ea,CABLE KIT BMS SC1000-100S BATT-MAN-SYSTEMS,3251.9,5434.79,6250,2182.89,Ea,0,0,0,T,3/21/2022
340,AS-SC500-100S,Ea,CABLE KIT BMS SC500-100S BATT-MAN-SYSTEMS,121383.4,195652.18,225000,74268.78,Ea,0,0,0,T,3/21/2022
341,AS-SOL-PAN-SPR-P3-410-COM,Ea,SUNPOWER 410W-SPR-P3-410-COM SOLAL PANELS,18045.55,23017.4,26470,4971.85,Ea,0,0,0,N,3/21/2022
342,AS-USB-CABLE,Ea,SOLAR USB SERIAL CONNECTING CABLE,746.65,1130.44,1300,383.79,Ea,0,0,0,T,3/21/2022
343,AT-040-N,Ea,NEGATIVE MARINE TERM-ENDS,143.65,276.53,318,132.88,Ea,0,0,0,T,3/21/2022
344,AT-040-P,Ea,POSITIVE MARINE TERM ENDS,149.2,286.09,329,136.89,Ea,0,0,0,T,3/21/2022
345,AT-060,Ea,TERMINAL POST CLEANERS,4547.09,821.74,945,-3725.35,Ea,0,0,0,T,3/21/2022
346,AT-12-1012-TESTER,Ea,12-1012 BATTERY TESTER,33563.04,45947.83,52840,12384.79,Ea,0,0,0,T,3/21/2022
347,AT-BT-6/12-TESTER,Ea,BT-6/12 LOAD TESTER,27340.46,40608.7,46700,13268.24,Ea,0,0,0,T,3/21/2022
348,AT-EZ-BATTERY TOOL KIT,Ea,BATTERY TOOL KIT 7PCS-IN ROLL UP POUCH,3111.94,4626.09,5320,1514.15,Ea,0,0,0,T,3/21/2022
349,AT-EZ-DIGITAL-BAT-ELE-TESTER,Ea,DIGITAL BATTERY-ELECTRICAL SYSTEM TESTER W/PRITER,42614.64,63286.96,72780,20672.32,Ea,0,0,0,T,3/21/2022
350,AT-EZ-RED-TESTER,Ea,E-Z RED BATTERY TESTER KS1612,39281.63,62156.53,71480,22874.9,Ea,0,0,0,T,3/21/2022
351,AT-MDX-6509-TESTER,Ea,MDX 650P BATTERY TESTER,139847.69,193565.22,222600,53717.53,Ea,0,0,0,T,3/21/2022
352,DURO-1/6,Ea,LARGE -  DURO 1/6  KRAFT BROWN PAPER BAG,24.4,43.48,50,19.08,Ea,0,0,0,T,3/21/2022
353,DURO-1/8,Ea,MEDIUM -  DURO 1/8  KRAFT BROWN PAPER BAG,20.4,34.79,40,14.39,Ea,0,0,0,T,3/21/2022
354,DURO-12,Ea,SMALL DURO 12 LB KRAFT BROWN PAPER BAG,15.3,26.09,30,10.79,Ea,0,0,0,T,3/21/2022
355,TBC-PUMP-ROTARY-TRANSFER,Ea,PUMP ROTARY TRANSFER,18005.99,26767.83,30783,8761.84,Ea,0,0,0,T,3/21/2022
356,ALL-ALL-AIR-FRESH-PRO-6/16OZ,bottle,Armor All Air Freshening Protectant Trigger Pure Linen 6/16fo,690.95,1349.28,1552,658.33,bottle,0,0,0,T,3/21/2022
357,ALL-CAR-WSH-CON-6/16FO,bottle,ARMOR ALL CAR WASH CON 6/16 fo,121.52,240.58,277,119.06,bottle,0,0,0,T,3/21/2022
358,ALL-CARPET-6X20OZ,bottle,ARMORAL CARPET&UPHOL 6X22OZS,250.09,547.83,630,297.74,bottle,0,0,0,T,3/21/2022
359,ALL-GIFT-PACK-V1,Pack,19218 - ARMOR ALL 2019 6pc HOLIDAY GIFT PACK V1,281.61,2805.3,3227,2523.69,Pack,0,0,0,T,3/21/2022
360,ALL-GIFT-PACK-V2,Pack,19219 - ARMOR ALL 2019 6pc HOLIDAY GIFT PACK V2,281.61,2805.3,3227,2523.69,Pack,0,0,0,T,3/21/2022
361,ALL-GIFT-PACK-V3,Pack,19220 - ARMOR ALL 2019 6pc HOLIDAY GIFT PACK V3,281.61,2805.3,3227,2523.69,Pack,0,0,0,T,3/21/2022
362,ALL-GLSWIPES-6/25,bottle,ARMORAL G/WIPES 6/25 COUNT,272.02,528.99,609,256.97,bottle,0,0,0,T,3/21/2022
363,ALL-LTHPROT-6X16OZ,bottle,ARMORAL LEATHER/PROT 6X16OZS,744.75,1442.03,1659,697.28,bottle,0,0,0,T,3/21/2022
364,ALL-PROT-12X10OZ,bottle,ARMOR ALL PROTECTANT 12X10OZ CASE,420.64,807.98,930,387.34,bottle,0,0,0,T,3/21/2022
365,ALL-PROT-12X16OZ,bottle,ARMOR ALL PROTECTANT 12X16OZ CASE,417.34,805.08,926,387.74,bottle,0,0,0,T,3/21/2022
366,ALL-PROT-24X04OZ,Each,ARMOR ALL ORIGINAL PROTECTANT 24X4OZ,252.01,483.7,557,231.69,Each,0,0,0,T,3/21/2022
367,ALL-PROT-6/28FO,bottle,ARMOR ALL PROTECTANT 6/28 fo,449.9,862.32,992,412.42,bottle,0,0,0,T,3/21/2022
368,ALL-PROT-6/32FO,bottle,ARMOR ALL PROTECTANT 6/32 fo,490.92,946.38,1089,455.46,bottle,0,0,0,T,3/21/2022
369,ALL-PROT-P-LINEN-12/10-FO,bottle,ARMOR  ALL PURE LINEN 12/10-FO,407.72,797.11,917,389.39,bottle,0,0,0,T,3/21/2022
370,ALL-PROT-REF-4/64FO,Each,ARMOR ALL PROTECTANT REF 4/64 fo,773.7,1500,1725,726.3,Each,0,0,0,T,3/21/2022
371,ALL-PROT-ULTSHN-6/16FO,bottle,ARMOR ALL PROT ULTRA SHINE 1/16 fo,343.95,668.12,769,324.17,bottle,0,0,0,T,3/21/2022
372,ALL-PWRWSH-GEL-6/20FO,bottle,ARMOR ALL-PWR WASH GEL 6/20-fo,231.91,456.53,525,224.62,bottle,0,0,0,T,3/21/2022
373,ALL-TIRE-FOAM-12/20OZ,bottle,ARMOR ALL TIRE FAOM 12/20 oz,473.82,915.22,1053,441.4,bottle,0,0,0,T,3/21/2022
374,ALL-TIRE-FOAM-6/20OZ,bottle,ARMOR ALL TIRE FAOM 6/20 oz,539.85,1027.54,1182,487.69,bottle,0,0,0,T,3/21/2022
375,ALL-TIRE-GLAZE-6X8OZ,bottle,ARMOR ALL OUTLAST TIRE GLAZE 6X8OZ,1006.41,1630.75,1876,624.34,bottle,0,0,0,T,3/21/2022
376,ALL-TRIM-PLAST-REST-6/8OZ,bottle,ARMOR ALL OUTLAST TRIM & PLASTIC RESTORES 6/8OZ,1006.41,1942.03,2234,935.62,bottle,0,0,0,T,3/21/2022
377,ALL-ULTSHNW&W-6/16FO,bottle,ARMOR ALL ULTRA--SHINE W&W 6/16FO,430.53,869.57,1000,439.04,bottle,0,0,0,T,3/21/2022
378,ALL-WHEELCLNR-6/32FO,bottle,ARMOR-ALL WHELL CLEANER 6/32 fo,457.72,888.41,1022,430.69,bottle,0,0,0,T,3/21/2022
379,STP-BRK-FLD-DT3-12/12FO,bottle,STP BRAKE FLUID DOT-3 12/12 fo,152.41,294.93,340,142.52,bottle,0,0,0,T,3/21/2022
380,STP-BRK-FLD-DT3-6/12FO,bottle,STP BRAKE FLUID DOT-3 6/12 fo,308.38,615.95,709,307.57,bottle,0,0,0,T,3/21/2022
381,STP-COM-FUL-SYS-CLNR-6/12FO,bottle,STP COM FUEL SYS CLEANER 6/12 fo,764.47,1485.51,1709,721.04,bottle,0,0,0,T,3/21/2022
382,STP-DSL-FUL-TRT-INJ-CLN-12/8OZ,bottle,DEISEL FUEL TREAT & INJECT-CLEANER 12/8 FL,286.63,583.34,671,296.71,bottle,0,0,0,T,3/21/2022
383,STP-DSL-FUL-TRT-INJ-CLN-6/12FO,bottle,STP DIESEL FUEL TREAT & INJ-CLEANER 6/20 fo,506.69,971.02,1117,464.33,bottle,0,0,0,T,3/21/2022
384,STP-ENG-STOPLEAK-6/14.5FO,bottle,STP ENG-STOP-LEAK-6/14.5fo,201.99,389.86,449,187.87,bottle,0,0,0,T,3/21/2022
385,STP-FUL-INJ-CARB-TRT-12/5.25FO,bottle,STP-HIMI FUEL INJECTOR CARB-TREATMENT 12/5.25fo,379.51,888.41,1022,508.9,bottle,0,0,0,T,3/21/2022
386,STP-FUL-INJ-CARB-TRTMNT-12-8FO,bottle,STP-FUEL INJECTOR CARB-TREATMENT 12/8fo,108.84,220.29,254,111.45,bottle,0,0,0,T,3/21/2022
387,STP-GAS-TRTMNT-12/5.25-O,bottle,STP GAS TREATMENT 12/5.25 FL-OZ,251.26,497.11,572,245.85,bottle,0,0,0,T,3/21/2022
388,STP-OC-TBOOSTER-12/5.252FO,bottle,STP OCTANE BOOSTER 12/5.25 fo,581.59,1105.08,1271,523.49,bottle,0,0,0,T,3/21/2022
389,STP-OIL-TRMNT-12/15FO,bottle,STP OIL-TREATMENT 12/15 fo,390.36,757.25,871,366.89,bottle,0,0,0,T,3/21/2022
390,STP-PROT-24X4OZ,Each,STP PROTECTANT 24x4-oz,74.53,142.76,165,68.23,Each,0,0,0,T,3/21/2022
391,STP-PWRSTR-STPLEAK-12/12FO,bottle,STP POWER STEERING& STOP LAEK 12/12 fo,229.36,440.58,507,211.22,bottle,0,0,0,T,3/21/2022
392,STP-PWRSTR-STPLEAK-6/12FO,bottle,STP HM POWER STEERING& STOP LEAK 6/12 fo,270.8,521.74,600,250.94,bottle,0,0,0,T,3/21/2022
393,STP-PWRSTRFLD-12/12FO,bottle,STP POWER STEERING FLUID 12/12 fo,102.63,200.73,231,98.1,bottle,0,0,0,T,3/21/2022
394,STP-PWRSTRFLD-6/12FO,bottle,STP POWER STEERING FLUID 6/12 fo,264.24,521.74,600,257.5,bottle,0,0,0,T,3/21/2022
395,STP-SC-FUL-INJ-CLNR-6/12FO,bottle,STP-SC FUEL INJECTOR CLEANER 6/12 fo,428.02,834.79,960,406.77,bottle,0,0,0,T,3/21/2022
396,STP-SC-FUL-INL-CLNR-12/5.25FO,bottle,STP-SC FUEL INJECTOR CLEANER 12/5.25fo,537.92,1028.99,1184,491.07,bottle,0,0,0,T,3/21/2022
397,STP-SMK-TREAT-12/14.5FO,bottle,STP SMOKE TREAT 12/14.5 FO,387.43,737.69,849,350.26,bottle,0,0,0,T,3/21/2022
398,STP-SOAG-PROT-12/10FO,bottle,SON OF A GUN PROT 12/10FO-,233.32,444.21,511,210.89,bottle,0,0,0,T,3/21/2022
399,STP-SOAG-PROT-12/16FO,bottle,SON OF A GUN PROT 12/16fo,197.69,383.34,441,185.65,bottle,0,0,0,T,3/21/2022
400,STP-SOAG-PROT-6/32FO,bottle,SON OF A GUN PROT 6/32fo,315.86,611.6,704,295.74,bottle,0,0,0,T,3/21/2022
401,STP-SOAG-TIRE-CARE-12/21FO,bottle,SON OF A GUN TIRE CARE 12/21fo,152.2,294.93,340,142.73,bottle,0,0,0,T,3/21/2022
402,STP-ULT-FUL-SYS-CLEAN-6/12OZ,bottle,STP-ULTRA FUEL SYSTEM CLEANER 6/12 OZ,602.97,1159.43,1334,556.46,bottle,0,0,0,T,3/21/2022
403,TUFF-FOAM-CLN-12/12OZ,bottle,TUFF STUFF FOAM CLEANER 12/22 OZ,172.56,334.06,385,161.5,bottle,0,0,0,T,3/21/2022
404,TUFF-FOAM-CLN-6/22OZ,bottle,TUFF STUFF FOAM CLEANER 6/22 OZ,379.97,768.12,884,388.15,bottle,0,0,0,T,3/21/2022
405,96F006,Ea,18-D125-11 FORKLIFT BATTERY,748844.9,1212496.4,1394371,463651.5,Ea,0,0,0,T,3/21/2022
406,96F010,Ea,18-D125-17 36 VOLTS FORKLIFT BATTERY,962800.6,1428275.71,1642518,465475.11,Ea,0,0,0,T,3/21/2022
407,96SP-8G22NF,Ea,8G22NF GEL BATTERY,10063.56,23372.41,26879,13308.85,Ea,0,0,0,T,3/21/2022
408,96SP-8GU1,Ea,8GU1 WHEEL CHAIR BATTERY,13992.04,30659.36,35259,16667.32,Ea,0,0,0,T,3/21/2022
409,96SPL-10U1L,Ea,10U1L & R 12VLT LAWN MOWER BATTERY,5661.29,13014.75,14967,7353.46,Ea,0,0,0,T,3/21/2022
410,96B-12N10-3B,Ea,12N10-3B 12V BIKE BATTERY,1774.89,4266.96,4907,2492.07,Ea,0,0,0,T,3/21/2022
411,96B-12N12A-4A-1,Ea,12N12A-4A-1 12V BIKE BATTERY,1767.8,4250.44,4888,2482.64,Ea,0,0,0,T,3/21/2022
412,96B-12N14-3A,Ea,12N14-3A 12V BIKE BATTERY,4443.57,10221.74,11755,5778.17,Ea,0,0,0,T,3/21/2022
413,96B-12N16-3B,Ea,12N16-3B BIKE BATTERY,1807.4,4345.22,4997,2537.82,Ea,0,0,0,T,3/21/2022
414,96B-12N5-3B,Ea,12N5-3B FP 12VOLTS BIKE BATTERY,1315.67,2385.22,2743,1069.55,Ea,0,0,0,T,3/21/2022
415,96B-12N5-4B,Ea,12N5-4B FP 12VOLTS BIKE BATTERY,1468.67,4543.48,5225,3074.81,Ea,0,0,0,T,3/21/2022
416,96B-12N6.5-3B,Ea,12N6.5-3B Bike Battery,1434.59,3448.7,3966,2014.11,Ea,0,0,0,T,3/21/2022
417,96B-12N7-3A,Ea,12N7-3A Bike Battery,2477.07,5954.79,6848,3477.72,Ea,0,0,0,T,3/21/2022
418,96B-12N7-3B,Ea,12N7-3B 12VOLTS BIKE BATTERY,1755.78,4507.83,5184,2752.05,Ea,0,0,0,T,3/21/2022
419,96B-12N9-4B-1,Ea,12N9-4B-1 12V BIKE BATTERY,2294.37,6524.35,7503,4229.98,Ea,0,0,0,T,3/21/2022
420,96B-6N12A-2C,Ea,6N12A-2C 6 V BIKE BATTERY,953.23,2291.31,2635,1338.08,Ea,0,0,0,T,3/21/2022
421,96B-6N4-2A-4,Ea,6N4-2A-4 6V BIKE BATTERY,601.24,1445.22,1662,843.98,Ea,0,0,0,T,3/21/2022
422,96B-6N4A-4D,Ea,6N4A-4D 6VLT MOTORCYCLE BATTERY,604.26,1047.83,1205,443.57,Ea,0,0,0,T,3/21/2022
423,96B-6N6-1B,Ea,6N6-1B 6V BIKE BATTERY,625.1,1502.61,1728,877.51,Ea,0,0,0,T,3/21/2022
424,96B-6N6-3B,Ea,6N6-3B 6-VLTS  MOTOCYCLE BATTERY,796.5,1362.61,1567,566.11,Ea,0,0,0,T,3/21/2022
425,96B-CB16CL-B,Ea,CB16CL-B 12V BIKE BATTERY,2993.74,7197.4,8277,4203.66,Ea,0,0,0,T,3/21/2022
426,96B-CB2.5L-C,Ea,CB2.5L-C 12V BIKE BATTERY,729.36,1753.05,2016,1023.69,Ea,0,0,0,T,3/21/2022
427,96B-CB3L-B,Ea,CB3L-B 12V BIKE BATTERY,918.04,2206.96,2538,1288.92,Ea,0,0,0,T,3/21/2022
428,96B-CB4L-B,Ea,CB4L-B 12V BIKE BATTERY,1027.9,2471.31,2842,1443.41,Ea,0,0,0,T,3/21/2022
429,96B-CB7-B,Ea,CB7-B 12VLTS YACHT BIKE BATTERY,1120.79,2694.79,3099,1574,Ea,0,0,0,T,3/21/2022
430,96B-CB7C-A,Ea,CB7C-A BIKE BATTERY,1143.05,2747.83,3160,1604.78,Ea,0,0,0,T,3/21/2022
431,96B-CT4L-BS-MF-A/P,Ea,CT4L-BS-MF-A/P 12V BIKE BATTERY,1101.73,2648.7,3046,1546.97,Ea,0,0,0,T,3/21/2022
432,96B-CTX5L-BS-MF-A/P,Ea,CTX5L-BS-MF-A/P 12V BIKE BATTERY,1126.47,2707.83,3114,1581.36,Ea,0,0,0,T,3/21/2022
433,96B-CTX7L-BS-MF-A/P,Ea,CTX7L-BS-MF-A/P 12V BIKE BATTERY,1495.48,3595.66,4135,2100.18,Ea,0,0,0,T,3/21/2022
434,96B-CTX9-BS-MF-A/P,Ea,CTX9-BS-MF-A/P 12V BIKE BATTERY,1913.59,4600.87,5291,2687.28,Ea,0,0,0,T,3/21/2022
435,96B-EB12B-BS,Ea,96B-EB12B-BS 12V 10AH MOTOR-CYCLE BATTERY,2259.84,4186.09,4814,1926.25,Ea,0,0,0,T,3/21/2022
436,96B-EB16-4-1,Ea,EB16-4-1 - 12V-16AH BIKE BATTERY,4876.02,9130.44,10500,4254.42,Ea,0,0,0,T,3/21/2022
437,96B-EB5-3-2,Ea,EB5-3-2 - 12V-5AH BIKE BATTERY,1822.84,3304.35,3800,1481.51,Ea,0,0,0,T,3/21/2022
438,96B-EB9A-BS,Ea,96B-EB9A-BS 12V 9AH MOTOR-CYCLE BATTERY,1890.16,3309.57,3806,1419.41,Ea,0,0,0,T,3/21/2022
439,96B-EBX4L-BS,Ea,96B-EBX4L-BS 12V 3AH MOTOR-CYCLE BATTERY,1471.22,2434.79,2800,963.57,Ea,0,0,0,T,3/21/2022
440,96B-EBX7L-BS,Ea,96B-EBX7L-BS 12V 6AH MOTOR-CYCLE BATTERY,2085.5,3478.27,4000,1392.77,Ea,0,0,0,T,3/21/2022
441,96B-LB2.5L-C,Ea,LB2.5L-C - 12V 2.5AH MOTORCYCLE BATTERY,702.85,1167.83,1343,464.98,Ea,0,0,0,T,3/21/2022
442,96B-LB3L-A,Ea,LB3L-A - 12V 3AH MOTORCYCLE BATTERY,831.02,1460,1679,628.98,Ea,0,0,0,T,3/21/2022
443,96B-LT12-3,Ea,LT12-3 - 12V 10AH MOTOR-CYCLE BATTERY,2673.01,4688.7,5392,2015.69,Ea,0,0,0,T,3/21/2022
444,96B-LT14A-3,Ea,LT14A-3- 12V 12AH MOTOR-CYCLE BATTERY,4463.33,7391.31,8500,2927.98,Ea,0,0,0,T,3/21/2022
445,96B-LT4A-3,Ea,LT4A-3  - 12V 4AH MOTOR-CYCLE BATTERY,1615.86,2695.66,3100,1079.8,Ea,0,0,0,T,3/21/2022
446,96B-LT5-3,Ea,LT5-3 - 12V 4AH MOTOR-CYCLE BATTERY,1661.4,2739.14,3150,1077.74,Ea,0,0,0,T,3/21/2022
447,96B-LT6.5-3,Ea,LT6.5-3 - 12V 6.5AH MOTOR-CYCLE BATTERY,2152.27,3565.22,4100,1412.95,Ea,0,0,0,T,3/21/2022
448,96B-LT7A-4,Ea,LT7A-4  - 12V 6AH MOTOR-CYCLE BATTERY,1835.52,3084.35,3547,1248.83,Ea,0,0,0,T,3/21/2022
449,96B-LT9-4,Ea,LT9-4 - 12V 8AH MOTOR-CYCLE BATTERY,2566.84,4260.87,4900,1694.03,Ea,0,0,0,T,3/21/2022
450,96B-LTZ10-4,Ea,LTZ10-4 12V 8.6AH MOTOR-CYCLE BATTERY,2697.03,4478.27,5150,1781.24,Ea,0,0,0,T,3/21/2022
451,96B-MF-MAGX4L-BS,Ea,MAGNA MF-MAGX4A-BS 4AMP-12VOL M/CYCLE BATTERY,1253.97,1690.44,1944,436.47,Ea,0,0,0,T,3/21/2022
452,96B-MF-MAGX5L-BS,Ea,MAGNA MF-MAGX5A-BS 5AMP-12VOL M/CYCLE BATTERY,1519.22,2047.83,2355,528.61,Ea,0,0,0,T,3/21/2022
453,96B-MF-MAGX7A-BS,Ea,MAGNA MF-MAGX7A-BS 6AMP-12VOL M/CYCLE BATTERY,1999.62,3024.58,3479,1024.96,Ea,0,0,0,T,3/21/2022
454,96MO003,Ea,OPTIMA-34R -RED TOP 12VL BATTERY,22342.49,35444.24,40761,13101.75,Ea,0,0,0,T,3/21/2022
455,96MO005,Ea,OPTIMA-34/78 -RED TOP 12VL BATTERY,21347.19,33359.55,38364,12012.36,Ea,0,0,0,T,3/21/2022
456,96MO042,Ea,OPTIMA-D34-SMF YELLOW 12VL BATTERY,24935.48,40656.34,46755,15720.86,Ea,0,0,0,T,3/21/2022
457,96MO047,Ea,OPTIMA-D27-F-SMF YELLOW 12VL BATTERY,34200.7,47953.88,55147,13753.18,Ea,0,0,0,T,3/21/2022
458,96MO840,Ea,OPTIMA-D27M-SMF BLUE 12VL BATTERY,27335.86,43784.5,50353,16448.64,Ea,0,0,0,T,3/21/2022
459,96MO924,Ea,OPTIMA-D31A-SMF YELLOW 12VL BATTERY,34200.7,47953.88,55147,13753.18,Ea,0,0,0,T,3/21/2022
460,96MO924-DT,Ea,OPTIMA-D31M-SMF BLUE 12VL BATTERY,34412.54,48321.37,55570,13908.83,Ea,0,0,0,T,3/21/2022
461,96MO933,Ea,OPTIMA-D51- SMF YELLOW- N460R 12 VL BATTERY,19568.26,30231.38,34767,10663.12,Ea,0,0,0,T,3/21/2022
462,96PRLR03-2B,2-Pack,TBC (AAA) ALKALINE BATTERY 2pcs BLISTER PACK,23.76,133.7,154,109.94,2-Pack,0,0,0,T,3/21/2022
463,96PRLR03-2S,2-Pack,TBC (AAA) ALKALINE BATTERY 2pcs SHRINK PACK,24.35,133.7,154,109.35,2-Pack,0,0,0,T,3/21/2022
464,96PRLR03-4B,4-Pack,TBC (AAA) ALKALINE BATTERY 4pcs BLISTER PACK,23.94,231.74,267,207.8,4-Pack,0,0,0,T,3/21/2022
465,96PRLR03-4S,4-Pack,TBC (AAA) ALKALINE BATTERY 4pcs SHRINK PACK,24.35,231.74,267,207.39,4-Pack,0,0,0,T,3/21/2022
466,96PRLR6-2B,2-Pack,TBC (AA) ALKALINE BATTERY 2pcs BLISTER PACK,24.19,129.25,149,105.06,2-Pack,0,0,0,T,3/21/2022
467,96PRLR6-2S,2-Pack,TBC (AA) ALKALINE BATTERY 2pcs SHRINK PACK,24.35,129.25,149,104.9,2-Pack,0,0,0,T,3/21/2022
468,96PRLR6-4B,4-Pack,TBC (AA) ALKALINE BATTERY 4pcs BLISTER PACK,24.3,236.2,272,211.9,4-Pack,0,0,0,T,3/21/2022
469,96PRLR6-4S,4-Pack,TBC (AA) ALKALINE BATTERY 4pcs SHRINK PACK,23.85,236.2,272,212.35,4-Pack,0,0,0,T,3/21/2022
470,96TP207,2-Pk,TROPICAL ALKALINE AAA-2pk BILSTER CARD,51.84,107.83,124,55.99,2-Pk,0,0,0,T,3/21/2022
471,96TP208,2-Pk,TROPICAL ALKALINE AA-2pk BILSTER CARD,51.57,102.61,118,51.04,2-Pk,0,0,0,T,3/21/2022
472,96TP209,4-Pk,TROPICAL ALKALINE AAA-4pk BILSTER CARD,95.71,183.48,211,87.77,4-Pk,0,0,0,T,3/21/2022
473,96TP210,4-Pk,TROPICAL ALKALINE AA-4pk BILSTER CARD,95.79,191.31,220,95.52,4-Pk,0,0,0,T,3/21/2022
474,96TP213,2-Pk,TROPICAL ALKALINE C - 2pk BILSTER CARD,216.37,408.7,470,192.33,2-Pk,0,0,0,T,3/21/2022
475,96TP214,2-Pk,TROPICAL ALKALINE D - 2pk BILSTER CARD,222.73,418.27,481,195.54,2-Pk,0,0,0,T,3/21/2022
476,96TP215,1-Pk,TROPICAL ALKALINE 9V - 1pk BILSTER CARD,183.12,332.18,382,149.06,1-Pk,0,0,0,T,3/21/2022
477,96TP607,4-PK,TROPICAL ALKALINE AAA-60 CLUB PACK,95.65,186.96,215,91.31,4-PK,0,0,0,T,3/21/2022
478,96TP608,4-PK,TROPICAL ALKALINE AA-60 CLUB PACK,95.74,186.96,215,91.22,4-PK,0,0,0,T,3/21/2022
479,96SS649,Ea,SA-59520 12-VL START STOP BATTERY,26541.49,38335.73,44087,11794.24,Ea,0,0,0,T,3/21/2022
480,96SS802L,Ea,SA-58020 12-VL START STOP BATTERY,17442.29,32910.4,37847,15468.11,Ea,0,0,0,T,3/21/2022
481,96SS807L,Ea,SA-56020 12-VL START STOP BATTERY,13637.81,25652.18,29500,12014.37,Ea,0,0,0,T,3/21/2022
482,96SS809L,Ea,SA-57020 12-VL START STOP BATTERY,15584.42,29349.72,33753,13765.3,Ea,0,0,0,T,3/21/2022
483,96SS822L,Ea,SE-S95(100D26FL) 12-VL START STOP BATTERY,10759.1,19906.24,22893,9147.14,Ea,0,0,0,T,3/21/2022
484,96SS834,Ea,SE-Q85R(90D23FR) 12-VL START STOP BATTERY,9856.58,18469.57,21240,8612.99,Ea,0,0,0,T,3/21/2022
485,96SS834L,Ea,SE-Q85(90D23FL) 12-VL START STOP BATTERY,10014.76,18469.57,21240,8454.81,Ea,0,0,0,T,3/21/2022
486,96SS845,Ea,SE-N55R(70B24R) 12-VL START STOP BATTERY,7499.98,13682.42,15735,6182.44,Ea,0,0,0,T,3/21/2022
487,96SS845L,Ea,SE-N55(70B24L) 12-VL START STOP BATTERY,7475.16,13682.42,15735,6207.26,Ea,0,0,0,T,3/21/2022
488,96SS855L,Ea,SE-T110(115D32FL) 12-VL START STOP BATTERY,12182.31,22814.37,26237,10632.06,Ea,0,0,0,T,3/21/2022
489,96SS933,Ea,AX-S46B24R 12-VL START STOP BATTERY,14381.56,21890.36,25174,7508.8,Ea,0,0,0,T,3/21/2022
490,96SS933L,Ea,AX-S46B24L 12-VL START STOP BATTERY,14409.1,21890.36,25174,7481.26,Ea,0,0,0,T,3/21/2022
491,96SS934,Ea,AX-S55D23R 12-VL START STOP BATTERY,14512.49,22234.41,25570,7721.92,Ea,0,0,0,T,3/21/2022
492,96SS934L,Ea,AX-S55D23L 12-VL START STOP BATTERY,11878.55,18815.44,21638,6936.89,Ea,0,0,0,T,3/21/2022
493,96SS936,Ea,AX-S65D26R 12-VL START STOP BATTERY,15425.07,29076,33438,13650.93,Ea,0,0,0,T,3/21/2022
494,96924DT,Ea,DC31DT 12 V DUAL POST  BATTERY,12560.86,29479.78,33902,16918.92,Ea,0,0,0,T,3/21/2022
495,96924S,Ea,MF-1031 SCREW  POST 12V-15P POLY BATTERY,14196.14,35056.34,40315,20860.2,Ea,0,0,0,T,3/21/2022
496,96D8A8D,Ea,8A8D 12V-AGM- INTIMIDATOR DEEP- CYCLE BATTERY,71932.69,143416.26,164929,71483.57,Ea,0,0,0,T,3/21/2022
497,96L928,Ea,DIN62034 12V- 120AH -BATTERY,19377.49,36806.05,42327,17428.56,Ea,0,0,0,T,3/21/2022
498,96M842,Ea,8D1600B / 8D1600 12V-BATTERY,22813.39,45994.71,52894,23181.32,Ea,0,0,0,T,3/21/2022
499,96M928,Ea,4DLT1550B / 4DLT 1550 12V-BATTERY,19980.78,34199.63,39330,14218.85,Ea,0,0,0,T,3/21/2022
500,96M950,Ea,4D1450B / 4D1450 - 12V-BATTERY,20723.33,35868.44,41249,15145.11,Ea,0,0,0,T,3/21/2022
501,96MP842,Ea,8D1500R / 8D-1420 12V-ECONOMY BATTERY,21936.43,40342.54,46394,18406.11,Ea,0,0,0,T,3/21/2022
502,96MP928,Ea,4DLT1300R / 4DLT-1300 12V-ECONO BATTERY,15844.19,33365.6,38371,17521.41,Ea,0,0,0,T,3/21/2022
503,96MP950,Ea,4D1350R / 4D-1350 12V-ECONOMY BATTERY,14580.64,33469.95,38491,18889.31,Ea,0,0,0,T,3/21/2022
504,96SP-9C12,Ea,9C12  12VLTS SWEEPER BATTERY,25537.66,58428.74,67194,32891.08,Ea,0,0,0,N,3/21/2022
505,96MPP800,Ea,NS40ZPP-R / NS40-560 POWER PLUS-12V- BATTERY,4243.64,8877.13,10209,4633.49,Ea,0,0,0,T,3/21/2022
506,96MPP800L,Ea,NS40ZPP-L / NS40L-560 POWER PLUS-12V- BATTERY,5221.19,8897.55,10233,3676.36,Ea,0,0,0,T,3/21/2022
507,96MPP802L,Ea,99PP-L 99R 12V CA-500  BATTERY,6591.39,10344.81,11897,3753.42,Ea,0,0,0,T,3/21/2022
508,96MPP804,Ea,NS60ZPPP-R / NS60-600R POWER PLUS-12V-BATTERY,5917.08,10179.97,11707,4262.89,Ea,0,0,0,T,3/21/2022
509,96MPP804L,Ea,NS60ZPP-L / NS60-600L POWER PLUS-12V-BATTERY,6064.02,10179.97,11707,4115.95,Ea,0,0,0,T,3/21/2022
510,96MPP805,Ea,24800PP-R / 24800R POWER PLUS-12V-BATTERY,9384,14365.98,16521,4981.98,Ea,0,0,0,T,3/21/2022
511,96MPP805L,Ea,24800PP-L / 24800L-POWER PLUS-12V-BATTERY,9383.94,14365.98,16521,4982.04,Ea,0,0,0,T,3/21/2022
512,96MPP810,Ea,27850PP-R / 27850R-POWER PLUS-12V-BATTERY,7882.49,16398.49,18859,8516,Ea,0,0,0,T,3/21/2022
513,96MPP810L,Ea,27850PP-L / 27-850L - POWER PLUS-12V BATTERY,7900.51,16398.49,18859,8497.98,Ea,0,0,0,T,3/21/2022
514,96SOL001,Ea,LEP LITHIUM ION  US2000B1PH02S19R1 BATTERY,96275.12,156521.74,180000,60246.62,Ea,0,0,0,N,3/21/2022
515,96SOL002,Ea,LFP LITHIUM ION  H48050 BATTERY,128125.69,213043.48,245000,84917.79,Ea,0,0,0,N,3/21/2022
516,96SOL003,Ea,LEP LITHIUM ION  US3000  BATTERY,138920.77,226086.96,260000,87166.19,Ea,0,0,0,N,3/21/2022
517,96V-12V-12A,Ea,12V 12-A VRLA BATTERY,2917.91,4584.35,5272,1666.44,Ea,0,0,0,T,3/21/2022
518,96V-12V-17A,Ea,12 Volts 17 Amps VRLA Battery,5604.87,6640,7636,1035.13,Ea,0,0,0,T,3/21/2022
519,96V-12V-18A,Ea,12V 18Amp VRLA BATTERY,5600,6768.7,7784,1168.7,Ea,0,0,0,T,3/21/2022
520,96V-12V-24A,Ea,12V - 24A VRLA Battery,4102.98,9865.22,11345,5762.24,Ea,0,0,0,T,3/21/2022
521,96V-12V-26A,Ea,12V 126A VRLA BATTERY,11208.3,13869.57,15950,2661.27,Ea,0,0,0,T,3/21/2022
522,96V-12V-32A,Ea,12-VOLTS 32-AMP VRLA BATTEY,6583.35,13972.18,16068,7388.83,Ea,0,0,0,T,3/21/2022
523,96V-12V-4.5A,Ea,12vlt - 4.5 AMP VRLA BATTERY,1276.52,2333.92,2684,1057.4,Ea,0,0,0,T,3/21/2022
524,96V-12V-4A,Ea,12VLT - 4 AMP VRLA BATTERY,989.14,2379.14,2736,1390,Ea,0,0,0,T,3/21/2022
525,96V-12V-7A,Ea,12vlt - 7 Amp VRLA Battery,1402.94,2801.74,3222,1398.8,Ea,0,0,0,T,3/21/2022
526,96V-6GFM35,Ea,6GFM35-12V 35AH VRLA BATTERY,14459.02,18695.66,21500,4236.64,Ea,0,0,0,T,3/21/2022
527,96V-6V-10A,Ea,6VLT - 10AMP VRLA BATTERY,1253.13,2313.92,2661,1060.79,Ea,0,0,0,T,3/21/2022
528,96V-6V-12A,Ea,6VLT - 12AMP VRLA BATTERY,1210.34,2533.92,2914,1323.58,Ea,0,0,0,T,3/21/2022
529,96V-6V-4A,Ea,6VLT - 4AMP VRLA BATTERY,646.44,1440,1656,793.56,Ea,0,0,0,T,3/21/2022
530,96V-6V-7A,Ea,6VLT - 7AMP VRLA BATTERY,904.07,1770.44,2036,866.37,Ea,0,0,0,T,3/21/2022
531,96V-LP12-12,Ea,LP12-12 - 12 V12AH VRLA BATTERY,2436.94,4057.4,4666,1620.46,Ea,0,0,0,T,3/21/2022
532,96V-LP12-18,Ea,LP12-18 - 12 V18AH VRLA BATTERY,3565.92,6628.7,7623,3062.78,Ea,0,0,0,T,3/21/2022
533,96V-LP12-26,Ea,LP12-26 - 12 V 26AH VRLA BATTERY,5013.15,9495.66,10920,4482.51,Ea,0,0,0,T,3/21/2022
534,96V-LP12-3.5,Ea,LP12V-3.5 12V 3.5 AH VRLA BATTERY,1127.56,2086.96,2400,959.4,Ea,0,0,0,T,3/21/2022
535,96V-LP12-33,Ea,LP12-33 - 12 V33AH VRLA BATTERY,7438.94,12333.05,14183,4894.11,Ea,0,0,0,T,3/21/2022
536,96V-LP12-4.5,Ea,LP12- 4.5 - 12 V-4.5 AH VRLA BATTERY,1120.58,1887.83,2171,767.25,Ea,0,0,0,T,3/21/2022
537,96V-LP12-5,Ea,LP12-5 - 12 V5AH VRLA BATTERY,1168.12,2141.74,2463,973.62,Ea,0,0,0,T,3/21/2022
538,96V-LP12-5.4,Ea,LP12 V-5.4AH VRLA BATTERY,1502.6,2695.66,3100,1193.06,Ea,0,0,0,T,3/21/2022
539,96V-LP12-7.0,Ea,LP12-7.0 - 12 V7AH VRLA BATTERY,1559.74,2613.05,3005,1053.31,Ea,0,0,0,T,3/21/2022
540,96V-LP12-9.0,Ea,LP12-9.0 12V-9AH VRLA  BATTERY,2143.63,3739.14,4300,1595.51,Ea,0,0,0,T,3/21/2022
541,96V-LP6-4,Ea,LP6- 4-6 V-4 AH VRLA BATTERY,489.62,925.22,1064,435.6,Ea,0,0,0,T,3/21/2022
542,96V-LP6-4.5,Ea,LP6- 4.5-6 V-4.5 AH VRLA BATTERY,589.41,1022.61,1176,433.2,Ea,0,0,0,T,3/21/2022
543,96V-LP6-7.0,Ea,LP6 -7.0- 6 V 7AH VRLA BATTERY,692.86,1217.4,1400,524.54,Ea,0,0,0,T,3/21/2022
544,96V-MA12-6,Ea,MAGNA MA12-6 - VRLA 6V - 12 AMP BATTERY,1385.78,2239.14,2575,853.36,Ea,0,0,0,T,3/21/2022
545,96-47-70-AGM,Ea,AGM 47-70-700 BATTERY,22996.48,42541.4,48923,19544.92,Ea,0,0,0,T,3/21/2022
546,96-48-60-AGM,Ea,AGM 48-60-800 BATTERY,24094.55,45878.27,52760,21783.72,Ea,0,0,0,T,3/21/2022
547,96-49-60-AGM,Ea,AGM 49-60-900 BATTERY,37969.64,56722.12,65231,18752.48,Ea,0,0,0,T,3/21/2022
548,96-RECON,Ea,NS40 - RECON  BATTERY,0,3452.18,3970,3452.18,Ea,0,0,0,T,3/21/2022
549,96-RECON-1,Ea,NS60 - RECON BATTERY,0,4391.31,5050,4391.31,Ea,0,0,0,T,3/21/2022
550,96-RECON-2,Ea,NS70 - 24800 RECON BATTERY,0,5982.61,6880,5982.61,Ea,0,0,0,T,3/21/2022
551,96-RECON-3,Ea,N70Z - 27/48 RECON BATTERY,0,6530.44,7510,6530.44,Ea,0,0,0,T,3/21/2022
552,96-RECON-4,Ea,31-MF - 58827 RECON BATTERY,0,8513.05,9790,8513.05,Ea,0,0,0,T,3/21/2022
553,96D649,Ea,649 MF 12V BATTERY,16923.98,38190.55,43920,21266.57,Ea,0,0,0,T,3/21/2022
554,96D693,Ea,693 MF 12V BATTERY,10895.83,24379.59,28037,13483.76,Ea,0,0,0,T,3/21/2022
555,96D8A31DTM,Ea,8A31DTM 12 VLT- NON-SPILLABLE DEKA BATTERY,30387.07,70114.94,80633,39727.87,Ea,0,0,0,T,3/21/2022
556,96D929,Ea,DT34/78 MF-DEKA 12vl 13pl Battery,14609.23,39041.21,44898,24431.98,Ea,0,0,0,T,3/21/2022
557,96D929-AGM,Ea,9A78DT AGM BATTERY,18506.59,42440.84,48807,23934.25,Ea,0,0,0,T,3/21/2022
558,96D9A94R,Ea,9A94R-AGM 12 V MF- BATTERY,25491.02,50725.9,58335,25234.88,Ea,0,0,0,T,3/21/2022
559,96D9AGM49,Ea,9AGM49 12V BATTERY,26548.39,58428.74,67194,31880.35,Ea,0,0,0,T,3/21/2022
560,96LPL800,Ea,NS40PL-R 12V-TAXI -  BATTERY,4091.65,5662.76,6513,1571.11,Ea,0,0,0,T,3/21/2022
561,96LPL800L,Ea,NS40PL-L 12V-TAXI -  BATTERY,4247.6,6672.97,7674,2425.37,Ea,0,0,0,T,3/21/2022
562,96LPL804,Ea,NS60PL-R 12V-TAXI -  BATTERY,4297.63,6709.27,7716,2411.64,Ea,0,0,0,T,3/21/2022
563,96LPL804L,Ea,NS60PL-L 12V-TAXI -  BATTERY,4842.04,7435.92,8552,2593.88,Ea,0,0,0,T,3/21/2022
564,96M807,Ea,47770B-R / 47R700 12V  BATTERY,6773.26,14067.3,16178,7294.04,Ea,0,0,0,T,3/21/2022
565,96M807L,Ea,47770B-L / 47700L 12V- BATTERY,7616.47,14067.3,16178,6450.83,Ea,0,0,0,T,3/21/2022
566,96M809,Ea,48800B-R / 48800R 12V- BATTERY,6788.7,15107.76,17374,8319.06,Ea,0,0,0,T,3/21/2022
567,96M809L,Ea,48800B-L / 48I750-L /  12V- BATTERY,8146.14,15107.76,17374,6961.62,Ea,0,0,0,T,3/21/2022
568,96M822,Ea,24800B-R / 24850R  - 12VL  BATTERY,8153.74,16446.13,18914,8292.39,Ea,0,0,0,T,3/21/2022
569,96M822L,Ea,24800B-L / 24850L 80DL - 12VLT BATTERY,7886.54,16446.13,18914,8559.59,Ea,0,0,0,T,3/21/2022
570,96M845,Ea,NS60ZZB-R / NS60700R -12V- BATTERY,5399.94,11705.87,13462,6305.93,Ea,0,0,0,T,3/21/2022
571,96M845L,Ea,NS60ZZB- / NS60700L/60BL -12V-BATTERY,6787.14,11705.87,13462,4918.73,Ea,0,0,0,T,3/21/2022
572,96M846,Ea,NS40ZB-R / NS40-560R -12V- BATTERY,5122.4,9527.42,10957,4405.02,Ea,0,0,0,T,3/21/2022
573,96M846L,Ea,NS40ZB-L / NS40560L -12V-BATTERY,5162.6,9527.42,10957,4364.82,Ea,0,0,0,T,3/21/2022
574,96M854,Ea,86600B-R / 86750/80D23R  - 12VLT BATTERY,5933.58,13941.03,16033,8007.45,Ea,0,0,0,T,3/21/2022
575,96M854L,Ea,85600B-L / 85750L/80D23L  - 12VLT BATTERY,6035.25,13941.03,16033,7905.78,Ea,0,0,0,T,3/21/2022
576,96M855,Ea,27850B-R / 27950R/95DR  -  12VL- BATTERY,8513.67,16667.68,19168,8154.01,Ea,0,0,0,T,3/21/2022
577,96M855L,Ea,27850B-L / 27950L/95DL  -  12VL- BATTERY,8477.01,16667.68,19168,8190.67,Ea,0,0,0,T,3/21/2022
578,96M919,Ea,31O1050B / 31O-1000 RP - 12V- BATTERY,12556.26,21687.72,24941,9131.46,Ea,0,0,0,T,3/21/2022
579,96M919S,Ea,31T1050B / 31T-851 SP - 12V- BATTERY,12712.84,21687.72,24941,8974.88,Ea,0,0,0,T,3/21/2022
580,96MA805L,Ea,SMF N100Y-L 12 VLT BATTERY,14434.8,23995.47,27595,9560.67,Ea,0,0,0,T,3/21/2022
581,96MA807,Ea,47800Y-R SMF 12V 13PL BATTERY,8328.56,14339.51,16491,6010.95,Ea,0,0,0,T,3/21/2022
582,96MA807L,Ea,47800Y-L SMF 12V 13PL BATTERY,8379.61,14339.51,16491,5959.9,Ea,0,0,0,T,3/21/2022
583,96MA834,Ea,357502Y-R SMF 12V 13PL BATTERY,9180.96,16036.3,18442,6855.34,Ea,0,0,0,T,3/21/2022
584,96MA834L,Ea,357502Y-L SMF 12V 13PL BATTERY,8711.51,16036.3,18442,7324.79,Ea,0,0,0,T,3/21/2022
585,96MA854,Ea,86750Y-R SMF 12V 13PL BATTERY,5702.84,13703.6,15760,8000.76,Ea,0,0,0,T,3/21/2022
586,96MA854L,Ea,85750Y-L SMF 12V 13PL BATTERY,5804.49,13703.6,15760,7899.11,Ea,0,0,0,T,3/21/2022
587,96MA918L,Ea,SMF 58827-L 12 VLT BATTERY,14080.54,25541.03,29373,11460.49,Ea,0,0,0,T,3/21/2022
588,96MA919,Ea,31O1200Y SMF / 31O-852 - RP 12V- BATTERY,12994,25541.03,29373,12547.03,Ea,0,0,0,T,3/21/2022
589,96MA919S,Ea,31T1200Y SMF / 31T852 - SP 12V-BATTERY,13676.93,25541.03,29373,11864.1,Ea,0,0,0,T,3/21/2022
590,96MA932L,Ea,NS40ZY-L SMF / NS40-560L 12V-BATTERY,6157.71,9996.22,11496,3838.51,Ea,0,0,0,T,3/21/2022
591,96MA933,Ea,NS60ZZY-R SMF / NS60-700R - 12V-BATTERY,7403.49,12741.03,14653,5337.54,Ea,0,0,0,T,3/21/2022
592,96MA933L,Ea,NS60ZZY-L SMF / NS60-700L - 12V-BATTERY,7573.05,12741.03,14653,5167.98,Ea,0,0,0,T,3/21/2022
593,96MA936,Ea,24950Y-R SMF / -24950R - 12V-BATTERY,10705.02,18375.81,21133,7670.79,Ea,0,0,0,T,3/21/2022
594,96MA936L,Ea,24950Y-L SMF / 24950L - 12V-BATTERY,10481.59,18375.81,21133,7894.22,Ea,0,0,0,T,3/21/2022
595,96MA937,Ea,48900Y-R SMF / 48900 - 12V BATTERY,9153.27,16469.57,18940,7316.3,Ea,0,0,0,T,3/21/2022
596,96MA937L,Ea,48900Y-L SMF /  48I900L - 12V BATTERY,8619.29,16469.57,18940,7850.28,Ea,0,0,0,T,3/21/2022
597,96MA938,Ea,271000Y-R - SMF / 271000R - 12V- BATTERY,11209.29,18967.87,21814,7758.58,Ea,0,0,0,T,3/21/2022
598,96MA938L,Ea,271000Y-L SMf / 271000L - 12V-BATTERY,11021.34,18967.87,21814,7946.53,Ea,0,0,0,T,3/21/2022
599,96MP800L,Ea,NS40R-L / NS40500L 12V-ECONO BATTERY,5094.24,8077.89,9290,2983.65,Ea,0,0,0,T,3/21/2022
600,96MP804,Ea,NS60ZR-R / NS60-600R 12V ECONO- BATTERY,5609.14,10129.31,11649,4520.17,Ea,0,0,0,T,3/21/2022
601,96MP804L,Ea,NS60ZR-L / NS60-600L 12V ECONO- BATTERY,5711.9,10129.31,11649,4417.41,Ea,0,0,0,T,3/21/2022
602,96MP805,Ea,24700R-R / 24800R - 12V-ECONO BATTERY,8492.64,16245.75,18683,7753.11,Ea,0,0,0,T,3/21/2022
603,96MP805L,Ea,24700R-L / 24800L - 12V-ECONO BATTERY,9232.68,16245.75,18683,7013.07,Ea,0,0,0,T,3/21/2022
604,96MP807,Ea,47650R-R / 47700-R ECONO 12V-11PL BATTERY,6828.28,13490.36,15514,6662.08,Ea,0,0,0,T,3/21/2022
605,96MP807L,Ea,47650R-L / 47700 ECONO 12V-11PL BATTERY,7225.24,13490.36,15514,6265.12,Ea,0,0,0,T,3/21/2022
606,96MP810,Ea,27750R-R / 27850R - 12V-ECONO BATTERY,7520.77,16480.91,18954,8960.14,Ea,0,0,0,T,3/21/2022
607,96MP810L,Ea,27750R-L / 27850L- 12V-ECONO BATTERY,8214.59,16480.91,18954,8266.32,Ea,0,0,0,T,3/21/2022
608,96MP924A,Ea,31O980R / 31O-850 RP ECONO 12V-BATTERY,10114.44,18456.72,21226,8342.28,Ea,0,0,0,T,3/21/2022
609,96MP924AS,Ea,31T980R / 31T-850 SP - ECONO 12V-BATTERY,10206,19137.25,22008,8931.25,Ea,0,0,0,T,3/21/2022
610,96MPL800L,Ea,NS40PL-L / NS40-500L -12V PERMALIFE BATTERY,5447.13,6975.43,8022,1528.3,Ea,0,0,0,T,3/21/2022
611,96MPL804L,Ea,NS60PL-L / NS60ZL -12V-PERMALIFE BATTERY,6029.38,7730.82,8891,1701.44,Ea,0,0,0,T,3/21/2022
612,96MAPP800L,Ea,NS40ZAP-L / NS40ZL - 12 V MAC-AUTO-POWER,4696.11,8710.78,10018,4014.67,Ea,0,0,0,T,3/21/2022
613,96MAPP804L,Ea,NS60ZAP-L / NS60ZL - 12 V MAC-AUTO-POWER,5940.2,10281.29,11824,4341.09,Ea,0,0,0,T,3/21/2022
614,96MAPP805,Ea,24800AP-R / 24R-800 - 12 V MAC-AUTO-POWER,9021.29,14786.39,17005,5765.1,Ea,0,0,0,T,3/21/2022
615,96MAPP805L,Ea,24800AP-L / 24L-800 - 12 V MAC-AUTO-POWER,9028.1,14786.39,17005,5758.29,Ea,0,0,0,T,3/21/2022
616,96MAPP810,Ea,27850AP-R /27R-850 - 12 V MAC-AUTO-POWER,10158.01,16654.07,19153,6496.06,Ea,0,0,0,T,3/21/2022
617,96MAPP810L,Ea,27850AP-L / 27L-850 - 12 V MAC-AUTO-POWER,8582.74,16654.07,19153,8071.33,Ea,0,0,0,T,3/21/2022
618,CAS-BF-GTLMA-12OZ,bottle,CASTROL-GT LMA DOT 4 SYNTHETIC BRAKE FLUID 12X12OZ,407.48,608.7,700,201.22,bottle,0,0,0,T,3/21/2022
619,CAS-MAG-DIEL-10W40-1QT,bottle,CASTROL MAGNATEC DIESEL 10W-40 12x1 CASE,717.42,1069.57,1230,352.15,bottle,0,0,0,T,3/21/2022
620,BFCB24X10-OZ,Bottle,DOT 3 BRAKE-FLUID 24x10oz,139.69,216.53,249,76.84,Bottle,0,0,0,T,3/21/2022
621,BFCB24X10-OZ-DOT4,Bottle,DOT4 BRAKE-FLUID 24x10oz,139.69,208.7,240,69.01,Bottle,0,0,0,T,3/21/2022
622,BFCBP12X1/2LT,Bottle,DOT 3 BRAKE FLUID 12 1/2L CASE,257.17,393.67,453,136.5,Bottle,0,0,0,T,3/21/2022
623,BFCBP24X1/4LT,Bottle,DOT 3 BRAKE FLUID 24 1/4L,157.34,247.83,285,90.49,Bottle,0,0,0,T,3/21/2022
624,FRZ-TBF-24X300ML-D3,Bottle,TBC CARIBRAKE DOT-3 300ML BRAKE FLUID 24x10oz,151.91,216.67,250,64.76,Bottle,0,0,0,T,3/21/2022
625,FRZ-TBF-24X300ML-D4,Bottle,TBC CARIBRAKE DOT-4 300ML BRAKE FLUID 24x10oz,166.11,280.8,323,114.69,Bottle,0,0,0,T,3/21/2022
626,CHEV-MD-3-TRANS,Bottle,CHEVRON OIL MD-3 TRANSMISSION,336.58,503.12,579,166.54,Bottle,0,0,0,T,3/21/2022
627,AC-9-VR-12,Bottle,VR 12 VITAMIN FOR RADIATOR 16oz 12x1,724.11,1119.1,1287,394.99,Bottle,0,0,0,T,3/21/2022
628,AC-CRI-107-C,Can,CRYSTAL UNTOUCHABLE 12x1,449.73,695.66,800,245.93,Can,0,0,0,T,3/21/2022
629,FRZ-10-3UK,Bottle,FREEZETONE DOT-3 BRAKE FLUID 10oz 24/10oz,156.96,206.96,238,50,Bottle,0,0,0,T,3/21/2022
630,FRZ-12,Bottle,FREEZETONE DOT-3 BRAKE FLUID 12oz 24/12oz,165.17,226.09,260,60.92,Bottle,0,0,0,T,3/21/2022
631,FRZ-2812,Bottle,POWER STEERING FLUID REG 12/1 -12OZ,181.38,279.78,322,98.4,Bottle,0,0,0,T,3/21/2022
632,FRZ-850-10CC,Bottle,FREEZETONE CARB + CHOKE CLEANER 12/1 - 10OZ,240.28,374.3,431,134.02,Bottle,0,0,0,T,3/21/2022
633,FRZ-850-10EC,Bottle,FREEZETONE ELECTRIC CONTACT CLEANER 12/1 - 10OZ,375.79,582.24,670,206.45,Bottle,0,0,0,T,3/21/2022
634,FRZ-850-14BC,Bottle,FREEZETONE BRAKE CLEANER 12/1 - 14OZ,310.99,480.16,553,169.17,Bottle,0,0,0,T,3/21/2022
635,FRZ-850-14CC,Bottle,FREEZETONE CARB + CHOKE CLEANER 12/1 - 14OZ,281.97,434.79,500,152.82,Bottle,0,0,0,T,3/21/2022
636,FRZ-850-14EG,Bottle,FREEZETONE ENGINE CLEANER 12/1 - 14OZ,289.08,446.13,514,157.05,Bottle,0,0,0,T,3/21/2022
637,FRZ-850-14PD,Bottle,FREEZETONE PURPLE LIGHTING DEGREASER 12/1 - 14OZ,285.37,453.69,522,168.32,Bottle,0,0,0,T,3/21/2022
638,FRZ-900-01-APC,Bottle,FRZ-TONE RADIATOR ADD GREEN 6x1GL,371.19,604.92,696,233.73,Bottle,0,0,0,T,3/21/2022
639,FRZ-901-05,PL,FRZ-TONE RADIATOR GREEN ADDITIVE 5 GL,1569.82,2487.72,2861,917.9,PL,0,0,0,T,3/21/2022
640,FRZ-902-128-AGC,Bottle,FRZ-TONE DIESEL RADIATOR ADDITIVE 6x1GL,283.11,438.57,505,155.46,Bottle,0,0,0,T,3/21/2022
641,FRZ-904-28-ARC,Bottle,FRZ-TONE RADIATOR ADD-RED 6x1GL,345.13,545.94,628,200.81,Bottle,0,0,0,T,3/21/2022
642,FRZ-9110-128-AMC,Bottle,FRZ-TONE ANTI-FREEZE 10  6x1GL,444.15,688.1,792,243.95,Bottle,0,0,0,T,3/21/2022
643,FRZ-912-28-AMC,Bottle,FRZ-TONE ANTI-FREEZE 6x1GL,409.13,631.38,727,222.25,Bottle,0,0,0,T,3/21/2022
644,FRZ-950-32PDT,Bottle,FREEZETONE PURPLE LIGHTING DEGREASER 12/1 - 32OZ,398.85,616.26,709,217.41,Bottle,0,0,0,T,3/21/2022
645,FRZ-ABP01,12-Pack,ABP01 BLACK CRYSTAL AIR FRESHNER,168.22,2948.97,3392,2780.75,12-Pack,0,0,0,T,3/21/2022
646,FRZ-ABP03,12-Pack,ABP03 BUBBLE GUM AIR FRESHNER,168.25,1474.49,1696,1306.24,12-Pack,0,0,0,T,3/21/2022
647,FRZ-AK04,12-Pack,AK04 AREON KEN BLACK CRYSTAL AIR FRESH,239.79,4173.92,4800,3934.13,12-Pack,0,0,0,T,3/21/2022
648,FRZ-AKC02,20-Pack,AKC02 BLACK CRYSTAL AIR FRESHENER,224.98,6956.53,8000,6731.55,20-Pack,0,0,0,T,3/21/2022
649,FRZ-ASD11,10-Pack,ASD11 - Vanilla Sented Air Freshner,65.58,1058.61,1218,993.03,10-Pack,0,0,0,T,3/21/2022
650,FRZ-ASD12,10-Pack,ASD12 - Bubble Gum Sented Air Freshner,69.73,1058.61,1218,988.88,10-Pack,0,0,0,T,3/21/2022
651,FRZ-ASD14,10-Pack,ASD14 - Tuti Fruti Sented Air Freshner,68.17,1058.61,1218,990.44,10-Pack,0,0,0,T,3/21/2022
652,FRZ-ASD17,10-Pack,ASD17 - No Smoking Sented Air Freshner,57.88,1058.61,1218,1000.73,10-Pack,0,0,0,T,3/21/2022
653,FRZ-ASD18,10-Pack,ASD18 - Fresh Air Sented Air Freshner,58.07,1058.61,1218,1000.54,10-Pack,0,0,0,T,3/21/2022
654,FRZ-ASD19,10-Pack,ASD19 - Black Crystal Sented Air Freshner,69.66,1058.61,1218,988.95,10-Pack,0,0,0,T,3/21/2022
655,FRZ-ASD21,10-Pack,ASD21 - Smile Dry Paper New Car,72.38,939.14,1080,866.76,10-Pack,0,0,0,T,3/21/2022
656,FRZ-AXV03,10-Pack,AXV03 BUBLE GUM AIR FRESH,72.39,1058.61,1218,986.22,10-Pack,0,0,0,T,3/21/2022
657,FRZ-AXV05,10-Pack,AXV05 NEW CAR AIR FRESH,72.39,1058.61,1218,986.22,10-Pack,0,0,0,T,3/21/2022
658,FRZ-FR901-05,PL,FREEZETONE RADIATOR GREEN  ADD 5GL PAIL,1941.67,3017.02,3470,1075.35,PL,0,0,0,T,3/21/2022
659,FRZ-FR901-55P,DRUM,FREEZETONE RADIATOR ADDITIVE 55GL DRUM,12660.69,21058.61,24218,8397.92,DRUM,0,0,0,T,3/21/2022
660,FRZ-FR902-55P,DRUM,FREEZETONE DIESEL RADIATOR ADD 55GL DRUM,15190.7,28086.96,32300,12896.26,DRUM,0,0,0,T,3/21/2022
661,FRZ-FR950-128PD,Bottle,FREEZETONE PURPLE LIGHTNING DEGREASER128oz 6/1,662.14,1028.36,1183,366.22,Bottle,0,0,0,T,3/21/2022
662,FRZ-FRTN17,Each,FRTN17 BLACK CRYSTAL AIR FRESH,72.38,105.87,122,33.49,Each,0,0,0,T,3/21/2022
663,FRZ-LXR4-28-410B,Ea,FREESZETONE CLEAR COAT REPAIR,692.27,1086.58,1250,394.31,Ea,0,0,0,T,3/21/2022
664,FRZ-MA21,10-Pack,MA21 BUBBLE GUM  AIR FRESH,72.07,1058.61,1218,986.54,10-Pack,0,0,0,T,3/21/2022
665,FRZ-MA23,10-Pack,MA23 BLACK CRYSTAL  AIR FRESH,65.73,1058.61,1218,992.88,10-Pack,0,0,0,T,3/21/2022
666,FRZ-MA26,10-Pack,MA26 CHERRY AIR FRESH,72.39,1058.61,1218,986.22,10-Pack,0,0,0,T,3/21/2022
667,FRZ-MA27,10-Pack,MA27 NEW CAR AIR FRESH,72.39,1058.61,1218,986.22,10-Pack,0,0,0,T,3/21/2022
668,FRZ-MA29,10-Pack,MA29 VANILLA BUBBLE  AIR FRESH,65.73,1058.61,1218,992.88,10-Pack,0,0,0,T,3/21/2022
669,FRZ-TBC-BRAKE-CLEAN-12/14OZ,Bottle,CARIBRAKE BRAKE CLEANER 12/14OZ,269.29,402.18,463,132.89,Bottle,0,0,0,T,3/21/2022
670,FRZ-TBF-24X0.24LT,Bottle,CARIBRAKE BRAKE & CLUTCH FLUID DOT3 -  24x0.237ml,115.07,150.44,173,35.37,Bottle,0,0,0,T,3/21/2022
671,FRZ-TBF-24X0.35LT,Bottle,CARIBRAKE BRAKE & CLUTCH FLUID DOT3 - 24/1 - 355ml,74.17,206.96,238,132.79,Bottle,0,0,0,T,3/21/2022
672,FRZ-TBF-24X0.35LT-DOT4,Bottle,CARIBRAKE BRAKE & CLUTCH FLUID - DOT4 24x0.355ml,213.76,316.53,364,102.77,Bottle,0,0,0,T,3/21/2022
673,GNK-EB-EB1,Each,GUNK- ENGINE BRITE 12X15OZ CASE,314.55,307.9,355,-6.65,Each,0,0,0,T,3/21/2022
674,GNK-FAI-M4712,Each,FUEL INJECT-THROTTLE BODY/AIR INTAKE CLEANER 12X12OZ,320.04,319.06,367,-0.98,Each,0,0,0,T,3/21/2022
675,GNK-FAI-M4712/6,Each,FUEL INJECTAIR INTAKE CLEANER 6X12OZ,220.42,208.99,241,-11.43,Each,0,0,0,T,3/21/2022
676,GNK-FI-M4912,Each,GUNK- FUEL INJ & CARBUR-CLEANER 12X12OZ CASE,206.52,181.16,209,-25.36,Each,0,0,0,T,3/21/2022
677,GNK-LS-M5012,Each,GUNK-LEAD SUBSTITUTE 12X12oz CS,55.59,55.29,64,-0.3,Each,0,0,0,T,3/21/2022
678,GNK-MF-MF2-30OZ,Each,GUNK-MF2-MOTOR FLUSH 12x30oz TIN,345.83,333.34,384,-12.49,Each,0,0,0,T,3/21/2022
679,GNK-OB-M5112,Each,GUNK-OCTANE PERFORMANCE BOOSTER 12X12oz CS,258.53,224.64,259,-33.89,Each,0,0,0,T,3/21/2022
680,GNK-PS-M1118/6,Each,GUNK-NON FLAMMABLE TITE-SEAL 6X16OZ CASE,579.38,583.34,671,3.96,Each,0,0,0,T,3/21/2022
681,GNK-PS-M1128/6,Each,GUNK-NON FLAMMABLE TITE-SEALTRUCKS SUV 6X24oz CASE,907.95,878.56,1011,-29.39,Each,0,0,0,T,3/21/2022
682,GNK-PS-M2713,Each,GUNK- POWER STEERING FLUID (WITH STOP LEAK)12X12OZ CASE,197.81,170.29,196,-27.52,Each,0,0,0,T,3/21/2022
683,GNK-PS-M2714H/6,Each,GUNK-POWER STEERING FLD.HONDA (WITH STOP LEAK) 6x12oz,226.16,220.15,254,-6.01,Each,0,0,0,T,3/21/2022
684,GNK-RU-T1617R,Each,GUNK- TITESEAL UNDECOAT RUBBER 12X16OZ CASE,370.49,347.83,400,-22.66,Each,0,0,0,T,3/21/2022
685,TH1370175,Ea,175/70 R13T H735 4PLY HANKOOK TYRE,5667.55,7782.61,8950,2115.06,Ea,0,0,0,T,3/21/2022
686,TH14205C,Ea,205R14 08 RA08  HANKOOK TYRE,11182.85,15391.31,17700,4208.46,Ea,0,0,0,T,3/21/2022
687,TH1460185,Ea,185/60 R14T 04 H735 4PLY HANKOOK TYRE,7871.66,10815.66,12438,2944,Ea,0,0,0,T,3/21/2022
688,TH1470185,Ea,185/70 R14T 04 H735 4 PLY HANKOOK TYRE,6958.27,9652.18,11100,2693.91,Ea,0,0,0,T,3/21/2022
689,TH1565195,Ea,195/65R15T 04 H735 HANKOOK TYRE,7647.06,10521.74,12100,2874.68,Ea,0,0,0,T,3/21/2022
690,TH1655205P,Ea,205/55 R16 XL 04 H457 HANKOOK TYRE,8573.22,11826.09,13600,3252.87,Ea,0,0,0,T,3/21/2022
691,TH1660235,Ea,235/60R 16T 04 H735 HANKOOK TYRE,12670.8,17565.22,20200,4894.42,Ea,0,0,0,T,3/21/2022
692,TH1745215,Ea,215/45 ZR17Y XL 04  HANKOOK TYRE,11956.68,16434.79,18900,4478.11,Ea,0,0,0,T,3/21/2022
693,TH1745225,Ea,225/45R17V 04-K115 HANKOOK TYRE,13889.16,19565.22,22500,5676.06,Ea,0,0,0,T,3/21/2022
694,TH1765225,Ea,225/65R 17H 04 RA33 HANKOOK TYRE,13642.11,18957.4,21801,5315.29,Ea,0,0,0,T,3/21/2022
695,TH1765265,Ea,265/65R 17H 04 H426 HANKOOK TYRE,14307.07,19904.35,22890,5597.28,Ea,0,0,0,T,3/21/2022
696,TH1765265LT,Ea,LT265/65R17 10 RF10 HANKOOK TYRE,22511.21,31347.83,36050,8836.62,Ea,0,0,0,T,3/21/2022
697,TH1840235,Ea,235/40ZR 18Y XL  04 K120 HANKOOK TYRE,14304.02,19686.96,22640,5382.94,Ea,0,0,0,T,3/21/2022
698,TH1855235,Ea,235/55R 18H 04 H426 HANKOOK TYRE,18735.81,26043.48,29950,7307.67,Ea,0,0,0,T,3/21/2022
699,TH1860265,Ea,265/60R18T 04-RF11 HANKOOK TYRE,21509.24,29556.53,33990,8047.29,Ea,0,0,0,T,3/21/2022
700,JHN-2413,Each,JHN-BRAKE PARTS CLEANER 12/14oz NON-CHLORINATED,387.39,686.84,790,299.45,Each,0,0,0,T,3/21/2022
701,JHN-2812,Each,JOHNSONS POWER STEERING FLUID REG 12/1 -12OZ,250.73,447.39,515,196.66,Each,0,0,0,T,3/21/2022
702,JHN-3720,Each,JHN-TIRE SEALER 12/20oz,542.24,957.79,1102,415.55,Each,0,0,0,T,3/21/2022
703,JHN-4602,Each,JHN-PENETRA OIL 12/10oz,230.39,409.58,472,179.19,Each,0,0,0,T,3/21/2022
704,JHN-4606,Each,JOHNSONS TERMINAL POST CLEANER 12/10oz,429.62,762.45,877,332.83,Each,0,0,0,T,3/21/2022
705,JHN-4608,Each,JHN-QT ENGINE FLUSH 12/32oz,363.04,642.73,740,279.69,Each,0,0,0,T,3/21/2022
706,JHN-4624,Each,JHN-OIL TREATMENT 12/12oz,246.8,441.09,508,194.29,Each,0,0,0,T,3/21/2022
707,JHN-4642,Each,JHN-CARB SPRAY 12/16.25oz VOC-COMPLIANT,420.75,743.55,856,322.8,Each,0,0,0,T,3/21/2022
708,JHN-4644,Each,JHN-ENGINE DEGREASER 12/16oz,224.86,403.28,464,178.42,Each,0,0,0,T,3/21/2022
709,JHN-4679,Each,JHN-GAS TREATMENT 12/12oz,297.85,535.61,616,237.76,Each,0,0,0,T,3/21/2022
710,JHN-4684,Each,JHN-FUEL INJ. CLEANER  12/12oz,300.87,535.61,616,234.74,Each,0,0,0,T,3/21/2022
711,JHN-4688,Each,JHN-OCTANE BOOST 12/12oz,303.63,535.61,616,231.98,Each,0,0,0,T,3/21/2022
712,JHN-4695,Each,JHN-CARB-FUEL INJ-CLEANER 12/12oz,262.7,482.05,555,219.35,Each,0,0,0,T,3/21/2022
713,JHN-4724,Each,JOHNSENS 12/10oz THROTTLE BODY & AIR INTAKE CLEANER,354.07,630.12,725,276.05,Each,0,0,0,T,3/21/2022
714,JHN-4917,Each,JHN-RADIATOR FLUSH 12/12oz,198.46,378.08,435,179.62,Each,0,0,0,T,3/21/2022
715,JHN-4918,Each,JHN-RADIATOR STOP LEAK 12/12oz,218.67,393.83,453,175.16,Each,0,0,0,T,3/21/2022
716,JHN-5000,Each,JHN-DIESEL FUEL CONDITIONER 12/12oz,324,576.56,664,252.56,Each,0,0,0,T,3/21/2022
717,JHN-977,Each,JHN BLUE MAGIC NON-FLAM FLAT FIXER 6/20oz,895.33,1594.21,1834,698.88,Each,0,0,0,T,3/21/2022
718,TL1370175,Ea,175/70R13T 04 LH42  LAUFENN TYRE,3807.08,5243.48,6030,1436.4,Ea,0,0,0,T,3/21/2022
719,TL14185C,Ea,185 R14 08 LV01 LAUFENN TYRE,6865.68,9452.18,10870,2586.5,Ea,0,0,0,T,3/21/2022
720,TL1460185,Ea,185/60R14H 04-LH42 LAUFENN TYRE,5647.77,7782.61,8950,2134.84,Ea,0,0,0,T,3/21/2022
721,TL1465185,Ea,185/65R14H 04-LH42 LAUFENN TYRE,4599.75,6339.14,7290,1739.39,Ea,0,0,0,T,3/21/2022
722,TL1470175,Ea,175/70R14H 04-LH42 LAUFENN TYRE,5225.81,7191.31,8270,1965.5,Ea,0,0,0,T,3/21/2022
723,TL1470185,Ea,185/70R14H 04-LH42 LAUFENN TYRE,4457.94,6139.14,7060,1681.2,Ea,0,0,0,T,3/21/2022
724,TL1510.531C,Ea,31X10.5R15 06 LC01 LAUFENN TYRE,13754.63,18930.44,21770,5175.81,Ea,0,0,0,T,3/21/2022
725,TL1550195,Ea,195/50R15V 04-LH42 LAUFENN TYRE,6958.15,9582.61,11020,2624.46,Ea,0,0,0,T,3/21/2022
726,TL1560195,Ea,195/60R15V 04-LH42 LAUFENN TYRE,6239.34,8591.31,9880,2351.97,Ea,0,0,0,T,3/21/2022
727,TL1565185,Ea,185/65R15H 04-LH42 LAUFENN TYRE,6091.52,8391.31,9650,2299.79,Ea,0,0,0,T,3/21/2022
728,TL1565195,Ea,195/65R15H 04-LH42 LAUFENN TYRE,5481.11,7556.53,8690,2075.42,Ea,0,0,0,T,3/21/2022
729,TL1655205,Ea,205/55R16V 04-LH42 LAUFENN TYRE,6090,8391.31,9650,2301.31,Ea,0,0,0,T,3/21/2022
730,TL1665215,Ea,215/65R16H 04-LH42 LAUFENN TYRE,7847.95,10800,12420,2952.05,Ea,0,0,0,T,3/21/2022
731,TL1765225,Ea,225/65R17H 04 LA41 LAUFENN TYRE,10467.89,14495.66,16670,4027.77,Ea,0,0,0,T,3/21/2022
732,TL1765265,Ea,265/65R17T 04 LC01 LAUFENN TYRE,12781.14,19234.79,22120,6453.65,Ea,0,0,0,T,3/21/2022
733,TL1770265LT,Ea,LT 265/70R17 10 LC01 LAUFENN TYRE,18325.87,25226.09,29010,6900.22,Ea,0,0,0,T,3/21/2022
734,PK-D1233,Ea,POWER KING MD1233 NISSAN B-15 DISC PADS,1000,1647.83,1895,647.83,Ea,0,0,0,T,3/21/2022
735,PK-MD1094,Ea,POWER KING MD1094/1267  NISSAN DISC PADS,1400,7673.92,8825,6273.92,Ea,0,0,0,T,3/21/2022
736,PK-MD1210,Ea,POWER KING MD1210 COROLLA DISC PADS,1100,6029.57,6934,4929.57,Ea,0,0,0,T,3/21/2022
737,PK-MD1250,Ea,POWER KING MD1250  NISSAN TIDA DISC PADS,1000,5481.74,6304,4481.74,Ea,0,0,0,T,3/21/2022
738,PK-MD2104,Ea,POWER KING MD2104  HIACE 6-LUG DISC PADS,1000,5481.74,6304,4481.74,Ea,0,0,0,T,3/21/2022
739,PK-MD242,Ea,POWER KING MD242 COROLLA - RED BOX DISC PADS,800,4385.22,5043,3585.22,Ea,0,0,0,T,3/21/2022
740,PK-MD263,Ea,POWER KING MD263 TOYO LITE ACE  DISC PADS,1000,5481.74,6304,4481.74,Ea,0,0,0,T,3/21/2022
741,PK-MD5073,Ea,POWER KING MD5073 HONDA CIVIC INTEGRA DISC PADS,1000,5481.74,6304,4481.74,Ea,0,0,0,T,3/21/2022
742,PK-MD562,Ea,POWER KING MD562 RAV- 94-UP CAMRY MARK2 DISC PADS,1000,5481.74,6304,4481.74,Ea,0,0,0,T,3/21/2022
743,PK-MD621,Ea,POWER KING MD621 HONDA CIVIC 04-05/90-94 DISC PADS,1100,6029.57,6934,4929.57,Ea,0,0,0,T,3/21/2022
744,PK-MD822,Ea,POWER KING MD822 TOYO- COROLLA DISC PADS,1000,5481.74,6304,4481.74,Ea,0,0,0,T,3/21/2022
745,PK-MD831,Ea,POWER KING MD831 PRO-BOX- DISC PADS,1000,5481.74,6304,4481.74,Ea,0,0,0,T,3/21/2022
746,PK-MD908-7787,Ea,POWER KING MD908-7787 CAMRY 04-UP / WISH DISC PADS,1000,5481.74,6304,4481.74,Ea,0,0,0,T,3/21/2022
747,SHELL-HELHX5-SN-10W30-3X4L,Bottle,SHELL HELIX HX5 SN 10W30 (3x4LT),2562.22,3808.7,4380,1246.48,Bottle,0,0,0,T,3/21/2022
748,SHELL-HELHX5-SN-20W30-3X4L,Bottle,SHELL HELIX HX5 SN 20W50 (3x4LT),2557.81,3808.7,4380,1250.89,Bottle,0,0,0,T,3/21/2022
749,SHELL-HELHX5E-10W30-1G,Bottle,HELIX HX5 E 10W-30 4 x 1 GALLON,1890.33,2813.05,3235,922.72,Bottle,0,0,0,T,3/21/2022
750,SHELL-HELHX5E-10W30-1Q,Bottle,HELIX HX5 E 10W-30 12x1 QUART,329.2,656.53,755,327.33,Bottle,0,0,0,T,3/21/2022
751,SHELL-HELHX5E-10W30-6X1Q,Bottle,HELIX HX5 E 10W-30 6x1 QUART,643.84,957.98,1102,314.14,Bottle,0,0,0,T,3/21/2022
752,SHELL-HELHX5E-20W50-6X1Q,Bottle,HELIX HX5 E 20W-50 6x1 QUART,677.29,1010.15,1162,332.86,Bottle,0,0,0,T,3/21/2022
753,SHELL-HELIX-HX3-50-1Q,Bottle,SHELL HELIX HX3 50 (12x1) QRT,180.17,576.58,664,396.41,Bottle,0,0,0,T,3/21/2022
754,SHELL-HELIX-HX5-HM-10W30-1L,Bottle,SHELL HELIX HX5 HIGH MILEAGE 10W30 (12x1) LITER,499.04,718.34,827,219.3,Bottle,0,0,0,T,3/21/2022
755,SHELL-HELIX-HX7-10W30-6X1QRT,Bottle,SHELL-HELIX HX7 10W30 6x1-QUART,623.33,1017.4,1170,394.07,Bottle,0,0,0,T,3/21/2022
756,SHELL-HELIX-HX7-10W40-1L,Bottle,SHELL HELIX HX7 10W40 (12x1) LITER,652.51,746.41,859,93.9,Bottle,0,0,0,T,3/21/2022
757,SHELL-HELIX-HX7-HM-5W30-1L,Bottle,SHELL HELIX HX7 HIGH MILEAGE5W30 (12x1) LITER,662.61,1170.29,1346,507.68,Bottle,0,0,0,T,3/21/2022
758,SHELL-NAUTILUS-TCW3-6X1Q,Bottle,NAUTILUS TCW3 6x1 QUART,758.81,1142.03,1314,383.22,Bottle,0,0,0,T,3/21/2022
759,SHELL-RIMULAR2-40-1G,Bottle,SHELL RIMULA R2 40 (4x1) GALLON,1389.49,1977.99,2275,588.5,Bottle,0,0,0,T,3/21/2022
760,SHELL-RIMULAR2-40-3X4L,Bottle,SHELL RIMULA R2-40-(3x4LT),2168.12,3663.77,4214,1495.65,Bottle,0,0,0,T,3/21/2022
761,SHELL-RIMULAR4-15W40-2X2.5GL,2.5 Gall,RIMULA R4  15W-40 2X2.5 GALLON,5506.9,8195.66,9425,2688.76,2.5 Gall,0,0,0,T,3/21/2022
762,SHELL-RIMULAR4-15W40-3X4L,Bottle,SHELL RIMULA R4-15W40-(3x4LT),2222.33,3324.64,3824,1102.31,Bottle,0,0,0,T,3/21/2022
763,SHELL-RIMULAR4-15W40-5GL,PL,RIMULA R4  15W-40 5 GALLON PAIL,11516.31,18313.05,21060,6796.74,PL,0,0,0,T,3/21/2022
764,SHELL-RIMULAR4-15W40-6X1Q,Bottle,RIMULA R4  15W-40 6x1 QUART,597.96,915.95,1054,317.99,Bottle,0,0,0,T,3/21/2022
765,SHELL-RIMULAR5-LE-10W40-1G,Bottle,SHELL RIMULA R5 LE 10W40 (3x1) US GAL,2414.37,4173.92,4800,1759.55,Bottle,0,0,0,T,3/21/2022
766,SHELL-SPIRAX-S2A-80W90-1Q,Bottle,SPIRAX S2 A 80W90 12x1 QUART,551.36,832.18,957,280.82,Bottle,0,0,0,T,3/21/2022
767,SHELL-SPIRAX-S2A-80W90-4L,Bottle,SPIRAX S2 A 80W90 3x4 LITRE CONTAINER,3675.22,5478.27,6300,1803.05,Bottle,0,0,0,T,3/21/2022
768,SHELL-SPIRAX-S2A-80W90-6X1Q,Bottle,SPIRAX-S2A-80W90-6X1QUART,780.14,1171.02,1347,390.88,Bottle,0,0,0,T,3/21/2022
769,SHELL-SPIRAX-S2A-85W140-1G,Bottle,SPIRAX S2 A 85W140 4x1 GALLON,1496,2313.87,2661,817.87,Bottle,0,0,0,T,3/21/2022
770,SHELL-SPIRAX-S2A-85W140-3X1G,Bottle,SHELL SPIRAX S2 A 85W140 3x1 GALLON,2257.87,3968.12,4564,1710.25,Bottle,0,0,0,T,3/21/2022
771,SHELL-SPIRAX-S2A-85W140-3X4L,Bottle,SHELL SPIRAX S2 A 85W140 3x4 LITER,3097.77,4623.19,5317,1525.42,Bottle,0,0,0,T,3/21/2022
772,SHELL-SPIRAX-S2A-85W140-6X1L,Bottle,SHELL SPIRAX S2A 85W140 6X1 QUART,727.38,1171.02,1347,443.64,Bottle,0,0,0,T,3/21/2022
773,SHELL-SPIRAX-S3-ATF-MD3-1Q,Bottle,SPIRAX S3 ATF MD3 12x1 QUART,514.63,756.14,870,241.51,Bottle,0,0,0,T,3/21/2022
774,SHELL-SPIRAX-S4-CX30-PL,PL,SHELL SPIRAX S4 CX30 PAIL,12560.87,14896.03,17131,2335.16,PL,0,0,0,T,3/21/2022
775,SHELL-SPIRAX-S5-CVT-X-1L,Bottle,SHELL OIL SPIRAX S5 CVT X FLUID 12x1L,1020.29,1210.09,1392,189.8,Bottle,0,0,0,T,3/21/2022
776,SHELL-TELLUS-MX32-PL,PL,SHELL TELLUS S2 MX32 PAIL (5-GAL),8224.63,15217.4,17500,6992.77,PL,0,0,0,T,3/21/2022
777,SHELL-TELLUS-MX46-PL,PL,SHELL TELLUS S2 MX46 PAIL (5-GAL),9167.53,14043.48,16150,4875.95,PL,0,0,0,T,3/21/2022
778,SHELL-TELLUS-MX68-PL,PL,SHELL TELLUS S2 MX68 PAIL (5-GAL),11078.27,19608.7,22550,8530.43,PL,0,0,0,T,3/21/2022
779,TBC-GEX-MER-TRANS-1L,BOTTLE,TBC DEXRON MERCON TRANSMISSION FL 15X1LT,339.12,505.92,582,166.8,BOTTLE,0,0,0,T,3/21/2022
780,TBC-MN-10W30-SN-1GL,Bottle,TBC SN-MINERAL 10W30  4x1 GALLON,1117.81,1638.05,1884,520.24,Bottle,0,0,0,T,3/21/2022
781,TBC-MN-10W30-SN-1QT,Bottle,TBC SN-MINERAL 10W30 12x1 QUART,340.18,492.54,567,152.36,Bottle,0,0,0,T,3/21/2022
782,TBC-MN-15W40-SN-1GL,Bottle,TBC SN MINERAL 15W40 4x1 GALLON,1513.63,2171.31,2497,657.68,Bottle,0,0,0,T,3/21/2022
783,TBC-MN-15W40-SN-1QT,Bottle,TBC SN MINERAL 15W40 12x1 QUART,341.88,503.12,579,161.24,Bottle,0,0,0,T,3/21/2022
784,TBC-MN-15W40-SN-55GL,Drum,TBC SN MINERAL 15W40 55 GALLON DRUM,60954.94,88388.7,101647,27433.76,Drum,0,0,0,T,3/21/2022
785,TBC-MN-15W40-SN-PL,Pail,TBC SN MINERAL 15W40 PAIL,6841.58,10136.53,11657,3294.95,Pail,0,0,0,T,3/21/2022
786,TBC-MN-20W50-SN-1GL,Bottle,TBC SN-MINERAL 20W50  4x1 GALLON,1385.24,1979.14,2276,593.9,Bottle,0,0,0,T,3/21/2022
787,TBC-MN-20W50-SN-1QT,Bottle,TBC SN-MINERAL 20W50  12x1 QUART,361.59,521.53,600,159.94,Bottle,0,0,0,T,3/21/2022
788,TBC-MN-20W50-SN-55GL,DRUM,TBC SN-MINERAL 20W50  55GL DRUM,51937.96,74880,86112,22942.04,DRUM,0,0,0,T,3/21/2022
789,TBC-MN-40-CF-55GL,Drum,TBC CF MINERAL 40 -  55 GALLON DRUM,53061.82,78895.66,90730,25833.84,Drum,0,0,0,T,3/21/2022
790,TBC-MN-50-CF-55GL,Drum,TBC CF MINERAL 50 -  55 GALLON DRUM,61497.47,86250.44,99188,24752.97,Drum,0,0,0,T,3/21/2022
791,TBC-MN-50-CF-5L,Bottle,TBC CF MINERAL 50 - 4 X 5 LITRE BOTTLE,1926.13,2941.96,3384,1015.83,Bottle,0,0,0,T,3/21/2022
792,TBC-MN-50-CF-PL,Pail,TBC CF MINERAL 50 - 5-GALLON PAIL,5463.76,8166.96,9392,2703.2,Pail,0,0,0,T,3/21/2022
793,TBC-SB-10W30-SN-1GL,Bottle,TBC SN-SYNTHETIC BLEND 10W30 4/1 GALLON,1469.59,2158.7,2483,689.11,Bottle,0,0,0,T,3/21/2022
794,TBC-SB-10W30-SN-1QT,Bottle,TBC SN-SYNTHETIC BLEND 10W30 12x1 QUART,363.81,546.02,628,182.21,Bottle,0,0,0,T,3/21/2022
795,TBC-SB-15W40-C14-1GL,Bottle,TBC C14-SYNTHETIC BLEND 15W40 4/1 GALLON,1556.69,2315.22,2663,758.53,Bottle,0,0,0,T,3/21/2022
796,TBC-SB-15W40-C14-1QT,Bottle,TBC C14-SYNTHETIC BLEND 15W40 12x1 QUART,364.58,559.64,644,195.06,Bottle,0,0,0,T,3/21/2022
797,TBC-SB-15W40-C14-55GL,Drum,TBC C14-SYNTHETIC BLEND 15W40 55GL DRUM,74181.9,110248.7,126786,36066.8,Drum,0,0,0,T,3/21/2022
798,TBC-SB-15W40-C14-PL,Pail,TBC C14-SYNTHETIC BLEND 15W40 5GL PAIL,6728.61,11033.05,12688,4304.44,Pail,0,0,0,T,3/21/2022
799,TBC-SB-20W50-SN-1GL,Bottle,TBC SN-SYNTHETIC BLEND 20W50 4/1 GALLON,1595.28,2376.09,2733,780.81,Bottle,0,0,0,T,3/21/2022
800,TBC-SB-20W50-SN-1QT,Bottle,TBC SN-SYNTHETIC BLEND 20W50 12x1 QUART,359.75,546.02,628,186.27,Bottle,0,0,0,T,3/21/2022
801,TA-VALVES,Ea,PCR TR413 RUBBER VALVES,11.35,26.09,30,14.74,Ea,0,0,0,T,3/21/2022
802,TA-VALVES-CHR,Ea,CHROME TYRE VALVES (100 per Bag),10.88,34.79,40,23.91,Ea,0,0,0,T,3/21/2022
803,VER-EPX16-12X1OZ,Each,RADIATOR & G/TANK EPOXY12X1oz,104.99,174.79,201,69.8,Each,0,0,0,T,3/21/2022
804,VER-EPX43-12X1OZ,Each,EPOXY-TYPE43-5 MIN CLEAR 12X1oz,253.39,351.31,404,97.92,Each,0,0,0,T,3/21/2022
805,VER-EPX44-12X2OZ,Each,EPOXY-TYPE 44-4 MIN STEEL 12X2oz,261.08,359.14,413,98.06,Each,0,0,0,T,3/21/2022
806,VER-EPX45-12X2OZ,Each,EPOXY-TYPE 45-STEEL WELD 12X2oz,109.88,181.74,209,71.86,Each,0,0,0,T,3/21/2022
807,VER-SILBLK-12X3OZ,Each,SILICONE-BLACK 12X3oz,194.26,293.05,337,98.79,Each,0,0,0,T,3/21/2022
808,VER-SILBLUE-12X3OZ,Each,SILICONE-BLUE 12X3oz,63.47,293.05,337,229.58,Each,0,0,0,T,3/21/2022
809,VER-SILCLR-12X3OZ,Each,SILICONE-SUPER CLEAR 12X3oz,262.4,371.31,427,108.91,Each,0,0,0,T,3/21/2022
810,VER-SILGRY-12X3OZ,Each,SILICONE-MEGA GRAY 12X3oz,226.83,348.7,401,121.87,Each,0,0,0,T,3/21/2022
811,VER-SILRED-12X3OZ,Each,SILICONE-RED 12X3oz,179.81,278.27,320,98.46,Each,0,0,0,T,3/21/2022
812,WD40-11OZ,Each,WD-40 12X11OZ,514.54,787.32,906,272.78,Each,0,0,0,T,3/21/2022
813,WD40-12OZ,Each,WD-40 12X12OZ SMART STRAW,509.52,787.32,906,277.8,Each,0,0,0,T,3/21/2022
814,WD40-13.2OZ,Each,WD40 24X13.2 OZ  CASE,527.5,806.53,928,279.03,Each,0,0,0,T,3/21/2022
815,WD40-14.5OZ,Each,WD-40 24X14.5OZ,315.21,485.84,559,170.63,Each,0,0,0,T,3/21/2022
816,WD40-14OZ,Each,WD40 14oz 24x14oz,296.29,455.11,524,158.82,Each,0,0,0,T,3/21/2022
817,WD40-18OZ,Each,WD40 18oz BIG BLAST,201.96,314.93,363,112.97,Each,0,0,0,T,3/21/2022
818,WD40-1GL,Each,WD-40 1 GAL,1266.64,1947.18,2240,680.54,Each,0,0,0,T,3/21/2022
819,WD40-2-OZ,Each,WD40 2oz 24x1 case,67.72,105.62,122,37.9,Each,0,0,0,T,3/21/2022
820,WD40-5.5OZ,Each,WD-40 24X5.5OZ,345.59,528.08,608,182.49,Each,0,0,0,T,3/21/2022
821,WD40-8OZ,Each,WD-40 12X8OZ,432.14,672.11,773,239.97,Each,0,0,0,T,3/21/2022
822,WD40-PEN,Each,WD-40 NO MESS PEN,130.52,203.56,235,73.04,Each,0,0,0,T,3/21/2022
